dataset,system,label,category,method,volume_factor,volume_A3,energy_hartree,natoms,kx,ky,kz
klimes,Cu,Cu,transition_metal,GFN1,0.8,37.16949590000002,-18.16820796733784,4,16,16,16
klimes,Cu,Cu,transition_metal,GFN1,0.84,39.027970695000015,-18.20028822115324,4,16,16,16
klimes,Cu,Cu,transition_metal,GFN1,0.88,40.88644549000001,-18.22430694994975,4,16,16,16
klimes,Cu,Cu,transition_metal,GFN1,0.92,42.74492028500001,-18.24218638918742,4,16,16,16
klimes,Cu,Cu,transition_metal,GFN1,0.96,44.603395079999984,-18.25534640780641,4,16,16,16
klimes,Cu,Cu,transition_metal,GFN1,1.0,46.461869875000005,-18.26483127627977,4,16,16,16
klimes,Cu,Cu,transition_metal,GFN1,1.04,48.32034467000002,-18.27143380631344,4,16,16,16
klimes,Cu,Cu,transition_metal,GFN1,1.08,50.178819465,-18.27574540203479,4,16,16,16
klimes,Cu,Cu,transition_metal,GFN1,1.12,52.03729426000001,-18.27823508879543,4,16,16,16
klimes,Cu,Cu,transition_metal,GFN1,1.16,53.895769054999974,-18.27925469455629,4,16,16,16
klimes,Cu,Cu,transition_metal,GFN1,1.2,55.75424385000002,-18.27908989913963,4,16,16,16
klimes,Cu,Cu,transition_metal,GFN2,0.4,18.58474795000001,-69.49658139896489,4,16,16,16
klimes,Cu,Cu,transition_metal,GFN2,0.5,23.230934937500002,-26.29637365096692,4,16,16,16
klimes,Cu,Cu,transition_metal,GFN2,0.6,27.877121924999997,-16.40318206453133,4,16,16,16
klimes,Cu,Cu,transition_metal,GFN2,0.7,32.5233089125,-13.27468800196782,4,16,16,16
klimes,Cu,Cu,transition_metal,GFN2,0.76,35.311021105,-12.41962585433712,4,16,16,16
klimes,Cu,Cu,transition_metal,GFN2,0.8,37.16949590000002,-12.04387125743231,4,16,16,16
klimes,Cu,Cu,transition_metal,GFN2,0.84,39.027970695000015,-11.76621606295574,4,16,16,16
klimes,Cu,Cu,transition_metal,GFN2,0.88,40.88644549000001,-11.55681024887049,4,16,16,16
klimes,Cu,Cu,transition_metal,GFN2,0.92,42.74492028500001,-11.39625729382475,4,16,16,16
klimes,Cu,Cu,transition_metal,GFN2,0.96,44.603395079999984,-11.27100297038929,4,16,16,16
klimes,Cu,Cu,transition_metal,GFN2,1.0,46.461869875000005,-11.17119326221276,4,16,16,16
klimes,Cu,Cu,transition_metal,GFN2,1.04,48.32034467000002,-11.08985437480084,4,16,16,16
klimes,Cu,Cu,transition_metal,GFN2,1.08,50.178819465,-11.02064012424803,4,16,16,16
klimes,Cu,Cu,transition_metal,GFN2,1.12,52.03729426000001,-10.95910130360321,4,16,16,16
klimes,Cu,Cu,transition_metal,GFN2,1.16,53.895769054999974,-10.90176904476482,4,16,16,16
klimes,Cu,Cu,transition_metal,GFN2,1.2,55.75424385000002,-10.84451176722552,4,16,16,16
klimes,Ag,Ag,transition_metal,GFN1,0.8,53.38064609279999,-15.39006445962384,4,16,16,16
klimes,Ag,Ag,transition_metal,GFN1,0.84,56.04967839744,-15.44542407121955,4,16,16,16
klimes,Ag,Ag,transition_metal,GFN1,0.88,58.71871070207999,-15.48622032646865,4,16,16,16
klimes,Ag,Ag,transition_metal,GFN1,0.92,61.38774300672002,-15.51587367416632,4,16,16,16
klimes,Ag,Ag,transition_metal,GFN1,0.96,64.05677531136001,-15.53689390605889,4,16,16,16
klimes,Ag,Ag,transition_metal,GFN1,1.0,66.72580761599998,-15.55116128908451,4,16,16,16
klimes,Ag,Ag,transition_metal,GFN1,1.04,69.39483992064001,-15.56014644958335,4,16,16,16
klimes,Ag,Ag,transition_metal,GFN1,1.08,72.06387222528004,-15.56498810909318,4,16,16,16
klimes,Ag,Ag,transition_metal,GFN1,1.12,74.73290452991999,-15.56655015822689,4,16,16,16
klimes,Ag,Ag,transition_metal,GFN1,1.16,77.40193683455993,-15.56553092298161,4,16,16,16
klimes,Ag,Ag,transition_metal,GFN1,1.2,80.0709691392,-15.56248140037472,4,16,16,16
klimes,Ag,Ag,transition_metal,GFN2,0.8,53.38064609279999,-15.77761449634755,4,16,16,16
klimes,Ag,Ag,transition_metal,GFN2,0.84,56.04967839744,-15.80662354597839,4,16,16,16
klimes,Ag,Ag,transition_metal,GFN2,0.88,58.71871070207999,-15.82699678701623,4,16,16,16
klimes,Ag,Ag,transition_metal,GFN2,0.92,61.38774300672002,-15.84085189974548,4,16,16,16
klimes,Ag,Ag,transition_metal,GFN2,0.96,64.05677531136001,-15.84931059623108,4,16,16,16
klimes,Ag,Ag,transition_metal,GFN2,1.0,66.72580761599998,-15.85366258321344,4,16,16,16
klimes,Ag,Ag,transition_metal,GFN2,1.04,69.39483992064001,-15.85513013494511,4,16,16,16
klimes,Ag,Ag,transition_metal,GFN2,1.08,72.06387222528004,-15.85411811514823,4,16,16,16
klimes,Ag,Ag,transition_metal,GFN2,1.12,74.73290452991999,-15.8515330057067,4,16,16,16
klimes,Ag,Ag,transition_metal,GFN2,1.16,77.40193683455993,-15.847575494748,4,16,16,16
klimes,Ag,Ag,transition_metal,GFN2,1.2,80.0709691392,-15.84292823737661,4,16,16,16
klimes,Pd,Pd,transition_metal,GFN1,0.8,46.54843750000001,-17.72713830088124,4,16,16,16
klimes,Pd,Pd,transition_metal,GFN1,0.84,48.875859375,-17.77013050036299,4,16,16,16
klimes,Pd,Pd,transition_metal,GFN1,0.88,51.20328125,-17.800941380812,4,16,16,16
klimes,Pd,Pd,transition_metal,GFN1,0.92,53.53070312500002,-17.8223581209523,4,16,16,16
klimes,Pd,Pd,transition_metal,GFN1,0.96,55.85812499999998,-17.83491526380267,4,16,16,16
klimes,Pd,Pd,transition_metal,GFN1,1.0,58.18554687500001,-17.84130446912863,4,16,16,16
klimes,Pd,Pd,transition_metal,GFN1,1.04,60.51296875000003,-17.84307364654913,4,16,16,16
klimes,Pd,Pd,transition_metal,GFN1,1.08,62.840390625,-17.84138220573498,4,16,16,16
klimes,Pd,Pd,transition_metal,GFN1,1.12,65.16781250000001,-17.8374607989322,4,16,16,16
klimes,Pd,Pd,transition_metal,GFN1,1.16,67.49523437500004,-17.83042203551056,4,16,16,16
klimes,Pd,Pd,transition_metal,GFN1,1.2,69.82265625000004,-17.8214267623238,4,16,16,16
klimes,Pd,Pd,transition_metal,GFN2,0.8,46.54843750000001,-18.19978683673344,4,16,16,16
klimes,Pd,Pd,transition_metal,GFN2,0.84,48.875859375,-18.24312775772173,4,16,16,16
klimes,Pd,Pd,transition_metal,GFN2,0.88,51.20328125,-18.27495490514523,4,16,16,16
klimes,Pd,Pd,transition_metal,GFN2,0.92,53.53070312500002,-18.2980150438293,4,16,16,16
klimes,Pd,Pd,transition_metal,GFN2,0.96,55.85812499999998,-18.31377260978823,4,16,16,16
klimes,Pd,Pd,transition_metal,GFN2,1.0,58.18554687500001,-18.32420474073749,4,16,16,16
klimes,Pd,Pd,transition_metal,GFN2,1.04,60.51296875000003,-18.33081588248423,4,16,16,16
klimes,Pd,Pd,transition_metal,GFN2,1.08,62.840390625,-18.33369304450528,4,16,16,16
klimes,Pd,Pd,transition_metal,GFN2,1.12,65.16781250000001,-18.33413506660589,4,16,16,16
klimes,Pd,Pd,transition_metal,GFN2,1.16,67.49523437500004,-18.33242520323366,4,16,16,16
klimes,Pd,Pd,transition_metal,GFN2,1.2,69.82265625000004,-18.32943205428014,4,16,16,16
klimes,Rh,Rh,transition_metal,GFN1,0.8,43.65545460560002,-16.14222973472127,4,16,16,16
klimes,Rh,Rh,transition_metal,GFN1,0.84,45.838227335880035,-16.1927926060776,4,16,16,16
klimes,Rh,Rh,transition_metal,GFN1,0.88,48.02100006616,-16.22824615877299,4,16,16,16
klimes,Rh,Rh,transition_metal,GFN1,0.92,50.20377279644001,-16.2520946752377,4,16,16,16
klimes,Rh,Rh,transition_metal,GFN1,0.96,52.38654552672002,-16.26694220683254,4,16,16,16
klimes,Rh,Rh,transition_metal,GFN1,1.0,54.56931825699998,-16.27472951610085,4,16,16,16
klimes,Rh,Rh,transition_metal,GFN1,1.04,56.75209098727999,-16.27691521731615,4,16,16,16
klimes,Rh,Rh,transition_metal,GFN1,1.08,58.93486371756001,-16.27411683649312,4,16,16,16
klimes,Rh,Rh,transition_metal,GFN1,1.12,61.11763644783998,-16.26789195782672,4,16,16,16
klimes,Rh,Rh,transition_metal,GFN1,1.16,63.30040917811999,-16.25749435552471,4,16,16,16
klimes,Rh,Rh,transition_metal,GFN1,1.2,65.48318190839998,-16.2443727197518,4,16,16,16
klimes,Rh,Rh,transition_metal,GFN2,0.8,43.65545460560002,-16.26745301909254,4,16,16,16
klimes,Rh,Rh,transition_metal,GFN2,0.84,45.838227335880035,-16.31281529469929,4,16,16,16
klimes,Rh,Rh,transition_metal,GFN2,0.88,48.02100006616,-16.34452725897484,4,16,16,16
klimes,Rh,Rh,transition_metal,GFN2,0.92,50.20377279644001,-16.36528607686481,4,16,16,16
klimes,Rh,Rh,transition_metal,GFN2,0.96,52.38654552672002,-16.37826426248458,4,16,16,16
klimes,Rh,Rh,transition_metal,GFN2,1.0,54.56931825699998,-16.3847282593644,4,16,16,16
klimes,Rh,Rh,transition_metal,GFN2,1.04,56.75209098727999,-16.38640604371436,4,16,16,16
klimes,Rh,Rh,transition_metal,GFN2,1.08,58.93486371756001,-16.38447261204402,4,16,16,16
klimes,Rh,Rh,transition_metal,GFN2,1.12,61.11763644783998,-16.38010155264017,4,16,16,16
klimes,Rh,Rh,transition_metal,GFN2,1.16,63.30040917811999,-16.37322537433996,4,16,16,16
klimes,Rh,Rh,transition_metal,GFN2,1.2,65.48318190839998,-16.3646397466119,4,16,16,16
klimes,Li,Li,alkali_metal,GFN1,0.8,32.82234227920001,-0.79881727661179,2,16,16,16
klimes,Li,Li,alkali_metal,GFN1,0.84,34.46345939316,-0.80336783648031,2,16,16,16
klimes,Li,Li,alkali_metal,GFN1,0.88,36.10457650712001,-0.80727022559629,2,16,16,16
klimes,Li,Li,alkali_metal,GFN1,0.92,37.74569362108,-0.81063469906559,2,16,16,16
klimes,Li,Li,alkali_metal,GFN1,0.96,39.38681073503999,-0.81354605352614,2,16,16,16
klimes,Li,Li,alkali_metal,GFN1,1.0,41.02792784900001,-0.81607477675182,2,16,16,16
klimes,Li,Li,alkali_metal,GFN1,1.04,42.66904496295998,-0.81827528073551,2,16,16,16
klimes,Li,Li,alkali_metal,GFN1,1.08,44.31016207691998,-0.82019207019839,2,16,16,16
klimes,Li,Li,alkali_metal,GFN1,1.12,45.95127919087997,-0.82186402348166,2,16,16,16
klimes,Li,Li,alkali_metal,GFN1,1.16,47.59239630483998,-0.82332143063318,2,16,16,16
klimes,Li,Li,alkali_metal,GFN1,1.2,49.23351341879998,-0.82458992711368,2,16,16,16
klimes,Li,Li,alkali_metal,GFN1,1.24,50.87463053275998,-0.82569202662295,2,16,16,16
klimes,Li,Li,alkali_metal,GFN1,1.28,52.51574764671997,-0.82664521794824,2,16,16,16
klimes,Li,Li,alkali_metal,GFN1,1.32,54.156864760679994,-0.82746667530731,2,16,16,16
klimes,Li,Li,alkali_metal,GFN1,1.36,55.79798187463996,-0.82816896203853,2,16,16,16
klimes,Li,Li,alkali_metal,GFN1,1.4,57.439098988600016,-0.82876466887034,2,16,16,16
klimes,Li,Li,alkali_metal,GFN1,1.48,60.721333216519966,-0.82967343397296,2,16,16,16
klimes,Li,Li,alkali_metal,GFN1,1.56,64.00356744444,-0.83025948525457,2,16,16,16
klimes,Li,Li,alkali_metal,GFN1,1.64,67.28580167236001,-0.83057713205521,2,16,16,16
klimes,Li,Li,alkali_metal,GFN1,1.72,70.56803590027997,-0.83067707692103,2,16,16,16
klimes,Li,Li,alkali_metal,GFN1,1.84,75.49138724216,-0.83062878532477,2,16,16,16
klimes,Li,Li,alkali_metal,GFN1,2.0,82.05585569800003,-0.83178289214797,2,16,16,16
klimes,Li,Li,alkali_metal,GFN1,2.2,90.26144126780002,-0.84101194245228,2,16,16,16
klimes,Li,Li,alkali_metal,GFN2,0.8,32.82234227920001,-0.53513429673233,2,16,16,16
klimes,Li,Li,alkali_metal,GFN2,0.84,34.46345939316,-0.53594320440992,2,16,16,16
klimes,Li,Li,alkali_metal,GFN2,0.88,36.10457650712001,-0.53625982054205,2,16,16,16
klimes,Li,Li,alkali_metal,GFN2,0.92,37.74569362108,-0.53619253655939,2,16,16,16
klimes,Li,Li,alkali_metal,GFN2,0.96,39.38681073503999,-0.53583194751905,2,16,16,16
klimes,Li,Li,alkali_metal,GFN2,1.0,41.02792784900001,-0.53525497178016,2,16,16,16
klimes,Li,Li,alkali_metal,GFN2,1.04,42.66904496295998,-0.53452210365434,2,16,16,16
klimes,Li,Li,alkali_metal,GFN2,1.08,44.31016207691998,-0.5336852454756,2,16,16,16
klimes,Li,Li,alkali_metal,GFN2,1.12,45.95127919087997,-0.53278433434002,2,16,16,16
klimes,Li,Li,alkali_metal,GFN2,1.16,47.59239630483998,-0.53185097068756,2,16,16,16
klimes,Li,Li,alkali_metal,GFN2,1.2,49.23351341879998,-0.53090903258222,2,16,16,16
klimes,Li,Li,alkali_metal,GFN2,1.64,67.28580167236001,-0.52578852625126,2,16,16,16
klimes,Li,Li,alkali_metal,GFN2,1.72,70.56803590027997,-0.52503783825263,2,16,16,16
klimes,Li,Li,alkali_metal,GFN2,1.84,75.49138724216,-0.53734699961624,2,16,16,16
klimes,Li,Li,alkali_metal,GFN2,2.0,82.05585569800003,-0.57722661008625,2,16,16,16
klimes,Li,Li,alkali_metal,GFN2,2.2,90.26144126780002,-0.57862645846682,2,16,16,16
klimes,Na,Na,alkali_metal,GFN1,0.8,59.69476879999998,-0.57403581682092,2,16,16,16
klimes,Na,Na,alkali_metal,GFN1,0.84,62.67950723999999,-0.57867011803419,2,16,16,16
klimes,Na,Na,alkali_metal,GFN1,0.88,65.66424567999996,-0.58269024599978,2,16,16,16
klimes,Na,Na,alkali_metal,GFN1,0.92,68.64898412000002,-0.58619669321858,2,16,16,16
klimes,Na,Na,alkali_metal,GFN1,0.96,71.63372256,-0.58927248952122,2,16,16,16
klimes,Na,Na,alkali_metal,GFN1,1.0,74.61846099999997,-0.5919820343881,2,16,16,16
klimes,Na,Na,alkali_metal,GFN1,1.04,77.60319944,-0.59437407843439,2,16,16,16
klimes,Na,Na,alkali_metal,GFN1,1.08,80.58793788000003,-0.59649142981319,2,16,16,16
klimes,Na,Na,alkali_metal,GFN1,1.12,83.57267631999997,-0.59836763787165,2,16,16,16
klimes,Na,Na,alkali_metal,GFN1,1.16,86.55741475999999,-0.60003177681684,2,16,16,16
klimes,Na,Na,alkali_metal,GFN1,1.2,89.54215319999999,-0.60150661268988,2,16,16,16
klimes,Na,Na,alkali_metal,GFN1,1.24,92.52689163999995,-0.60281222137802,2,16,16,16
klimes,Na,Na,alkali_metal,GFN1,1.28,95.51163007999997,-0.60396634553916,2,16,16,16
klimes,Na,Na,alkali_metal,GFN1,1.32,98.49636851999998,-0.60498339384455,2,16,16,16
klimes,Na,Na,alkali_metal,GFN1,1.36,101.48110696000005,-0.60587531675871,2,16,16,16
klimes,Na,Na,alkali_metal,GFN1,1.4,104.46584539999996,-0.60665573943792,2,16,16,16
klimes,Na,Na,alkali_metal,GFN1,1.48,110.43532227999997,-0.60791957495943,2,16,16,16
klimes,Na,Na,alkali_metal,GFN1,1.56,116.40479916000001,-0.60887454245915,2,16,16,16
klimes,Na,Na,alkali_metal,GFN1,1.64,122.37427603999994,-0.60971508532559,2,16,16,16
klimes,Na,Na,alkali_metal,GFN1,1.72,128.34375291999996,-0.6108474613897,2,16,16,16
klimes,Na,Na,alkali_metal,GFN1,1.76,131.32849135999996,-0.61170990017255,2,16,16,16
klimes,Na,Na,alkali_metal,GFN1,1.84,137.29796824000005,-0.61433618033723,2,16,16,16
klimes,Na,Na,alkali_metal,GFN1,1.92,143.26744511999988,-0.61789736278785,2,16,16,16
klimes,Na,Na,alkali_metal,GFN1,2.0,149.23692200000008,-0.6213490116038,2,16,16,16
klimes,Na,Na,alkali_metal,GFN1,2.08,155.20639888000014,-0.62382217960662,2,16,16,16
klimes,Na,Na,alkali_metal,GFN1,2.12,158.19113732,-0.62463428225597,2,16,16,16
klimes,Na,Na,alkali_metal,GFN1,2.16,161.1758757599999,-0.62516980300044,2,16,16,16
klimes,Na,Na,alkali_metal,GFN1,2.2,164.16061419999994,-0.62547380047108,2,16,16,16
klimes,Na,Na,alkali_metal,GFN1,2.24,167.14535263999997,-0.62558162591287,2,16,16,16
klimes,Na,Na,alkali_metal,GFN1,2.28,170.13009107999991,-0.62552586395585,2,16,16,16
klimes,Na,Na,alkali_metal,GFN1,2.32,173.11482952,-0.62533024911607,2,16,16,16
klimes,Na,Na,alkali_metal,GFN1,2.36,176.09956795999994,-0.62502727723468,2,16,16,16
klimes,Na,Na,alkali_metal,GFN1,2.4,179.0843064,-0.62463152649423,2,16,16,16
klimes,Na,Na,alkali_metal,GFN1,2.48,185.05378328000006,-0.62361968279172,2,16,16,16
klimes,Na,Na,alkali_metal,GFN1,2.6,194.00799859999998,-0.62170824864354,2,16,16,16
klimes,Na,Na,alkali_metal,GFN1,3.0,223.8553829999998,-0.61357125665226,2,16,16,16
klimes,Na,Na,alkali_metal,GFN2,0.8,59.69476879999998,-0.37057899921556,2,16,16,16
klimes,Na,Na,alkali_metal,GFN2,0.84,62.67950723999999,-0.37659897826351,2,16,16,16
klimes,Na,Na,alkali_metal,GFN2,0.88,65.66424567999996,-0.3818616576479,2,16,16,16
klimes,Na,Na,alkali_metal,GFN2,0.92,68.64898412000002,-0.38649286482276,2,16,16,16
klimes,Na,Na,alkali_metal,GFN2,0.96,71.63372256,-0.39059328880405,2,16,16,16
klimes,Na,Na,alkali_metal,GFN2,1.0,74.61846099999997,-0.39424259644583,2,16,16,16
klimes,Na,Na,alkali_metal,GFN2,1.04,77.60319944,-0.39750378176988,2,16,16,16
klimes,Na,Na,alkali_metal,GFN2,1.08,80.58793788000003,-0.40042926874258,2,16,16,16
klimes,Na,Na,alkali_metal,GFN2,1.12,83.57267631999997,-0.40306178354993,2,16,16,16
klimes,Na,Na,alkali_metal,GFN2,1.16,86.55741475999999,-0.40885057926079,2,16,16,16
klimes,Na,Na,alkali_metal,GFN2,1.2,89.54215319999999,-0.41089366907769,2,16,16,16
klimes,Na,Na,alkali_metal,GFN2,1.24,92.52689163999995,-0.41273764597386,2,16,16,16
klimes,Na,Na,alkali_metal,GFN2,1.28,95.51163007999997,-0.41440737357824,2,16,16,16
klimes,Na,Na,alkali_metal,GFN2,1.32,98.49636851999998,-0.41592055893216,2,16,16,16
klimes,Na,Na,alkali_metal,GFN2,1.36,101.48110696000005,-0.41729270167913,2,16,16,16
klimes,Na,Na,alkali_metal,GFN2,1.4,104.46584539999996,-0.41854165811608,2,16,16,16
klimes,Na,Na,alkali_metal,GFN2,1.48,110.43532227999997,-0.42086196853512,2,16,16,16
klimes,Na,Na,alkali_metal,GFN2,1.56,116.40479916000001,-0.42520601325571,2,16,16,16
klimes,Na,Na,alkali_metal,GFN2,1.64,122.37427603999994,-0.44409624394149,2,16,16,16
klimes,Na,Na,alkali_metal,GFN2,1.72,128.34375291999996,-0.46541454351549,2,16,16,16
klimes,Na,Na,alkali_metal,GFN2,1.76,131.32849135999996,-0.46976897800185,2,16,16,16
klimes,Na,Na,alkali_metal,GFN2,1.84,137.29796824000005,-0.4730409874074,2,16,16,16
klimes,Na,Na,alkali_metal,GFN2,1.92,143.26744511999988,-0.47335327276475,2,16,16,16
klimes,Na,Na,alkali_metal,GFN2,2.0,149.23692200000008,-0.47289809952265,2,16,16,16
klimes,Na,Na,alkali_metal,GFN2,2.08,155.20639888000014,-0.47213191188335,2,16,16,16
klimes,Na,Na,alkali_metal,GFN2,2.2,164.16061419999994,-0.47086458919778,2,16,16,16
klimes,Na,Na,alkali_metal,GFN2,2.24,167.14535263999997,-0.47033368797079,2,16,16,16
klimes,Na,Na,alkali_metal,GFN2,2.4,179.0843064,-0.46803743056639,2,16,16,16
klimes,Na,Na,alkali_metal,GFN2,2.6,194.00799859999998,-0.4648964777678,2,16,16,16
klimes,Na,Na,alkali_metal,GFN2,3.0,223.8553829999998,-0.4583501307288,2,16,16,16
klimes,K,K,alkali_metal,GFN1,0.8,113.26695050240006,-0.83887166963703,2,16,16,16
klimes,K,K,alkali_metal,GFN1,0.84,118.93029802751997,-0.84227081772118,2,16,16,16
klimes,K,K,alkali_metal,GFN1,0.88,124.59364555264006,-0.84508866481223,2,16,16,16
klimes,K,K,alkali_metal,GFN1,0.92,130.25699307775992,-0.84741899751672,2,16,16,16
klimes,K,K,alkali_metal,GFN1,0.96,135.92034060287997,-0.84933055179496,2,16,16,16
klimes,K,K,alkali_metal,GFN1,1.0,141.58368812799995,-0.850884231976,2,16,16,16
klimes,K,K,alkali_metal,GFN1,1.04,147.24703565311998,-0.85212710832435,2,16,16,16
klimes,K,K,alkali_metal,GFN1,1.08,152.9103831782399,-0.85309238337505,2,16,16,16
klimes,K,K,alkali_metal,GFN1,1.12,158.57373070335996,-0.85381576693278,2,16,16,16
klimes,K,K,alkali_metal,GFN1,1.16,164.23707822848,-0.85432185573046,2,16,16,16
klimes,K,K,alkali_metal,GFN1,1.2,169.90042575359996,-0.85463201422835,2,16,16,16
klimes,K,K,alkali_metal,GFN1,1.24,175.56377327871988,-0.85476386048792,2,16,16,16
klimes,K,K,alkali_metal,GFN1,1.28,181.22712080383997,-0.85473533979323,2,16,16,16
klimes,K,K,alkali_metal,GFN1,1.32,186.89046832895997,-0.85456045580442,2,16,16,16
klimes,K,K,alkali_metal,GFN1,1.36,192.55381585407991,-0.85424956109117,2,16,16,16
klimes,K,K,alkali_metal,GFN1,1.4,198.2171633792001,-0.85381412187301,2,16,16,16
klimes,K,K,alkali_metal,GFN1,1.48,209.54385842943992,-0.85261156539514,2,16,16,16
klimes,K,K,alkali_metal,GFN1,1.56,220.87055347968,-0.85102052942401,2,16,16,16
klimes,K,K,alkali_metal,GFN1,1.64,232.19724852991988,-0.84912694237321,2,16,16,16
klimes,K,K,alkali_metal,GFN1,1.72,243.52394358015994,-0.84711632145145,2,16,16,16
klimes,K,K,alkali_metal,GFN1,1.76,249.1872911052799,-0.84618029781358,2,16,16,16
klimes,K,K,alkali_metal,GFN1,1.84,260.51398615552006,-0.84484569609101,2,16,16,16
klimes,K,K,alkali_metal,GFN1,1.92,271.84068120576,-0.8448438314812,2,16,16,16
klimes,K,K,alkali_metal,GFN1,2.0,283.1673762559999,-0.84623209869124,2,16,16,16
klimes,K,K,alkali_metal,GFN1,2.08,294.49407130623996,-0.84785702994696,2,16,16,16
klimes,K,K,alkali_metal,GFN1,2.2,311.48411388160014,-0.84823867531666,2,16,16,16
klimes,K,K,alkali_metal,GFN1,2.24,317.1474614067199,-0.84766956976489,2,16,16,16
klimes,K,K,alkali_metal,GFN1,2.4,339.8008515072,-0.8426934399946,2,16,16,16
klimes,K,K,alkali_metal,GFN1,2.6,368.11758913279994,-0.83295787891016,2,16,16,16
klimes,K,K,alkali_metal,GFN1,3.0,424.75106438399956,-0.80914391488576,2,16,16,16
klimes,K,K,alkali_metal,GFN2,0.8,113.26695050240006,-0.36728462113297,2,16,16,16
klimes,K,K,alkali_metal,GFN2,0.84,118.93029802751997,-0.37094267649062,2,16,16,16
klimes,K,K,alkali_metal,GFN2,0.88,124.59364555264006,-0.37408883607129,2,16,16,16
klimes,K,K,alkali_metal,GFN2,0.92,130.25699307775992,-0.37681936024501,2,16,16,16
klimes,K,K,alkali_metal,GFN2,0.96,135.92034060287997,-0.37920780969978,2,16,16,16
klimes,K,K,alkali_metal,GFN2,1.0,141.58368812799995,-0.38416980860916,2,16,16,16
klimes,K,K,alkali_metal,GFN2,1.04,147.24703565311998,-0.38591590699031,2,16,16,16
klimes,K,K,alkali_metal,GFN2,1.08,152.9103831782399,-0.38745287824667,2,16,16,16
klimes,K,K,alkali_metal,GFN2,1.12,158.57373070335996,-0.38881397365101,2,16,16,16
klimes,K,K,alkali_metal,GFN2,1.16,164.23707822848,-0.39000497243112,2,16,16,16
klimes,K,K,alkali_metal,GFN2,1.2,169.90042575359996,-0.39104916271586,2,16,16,16
klimes,K,K,alkali_metal,GFN2,1.24,175.56377327871988,-0.39195983989325,2,16,16,16
klimes,K,K,alkali_metal,GFN2,1.28,181.22712080383997,-0.39275002677744,2,16,16,16
klimes,K,K,alkali_metal,GFN2,1.32,186.89046832895997,-0.39343061249029,2,16,16,16
klimes,K,K,alkali_metal,GFN2,1.36,192.55381585407991,-0.39401063085527,2,16,16,16
klimes,K,K,alkali_metal,GFN2,1.4,198.2171633792001,-0.39449976590213,2,16,16,16
klimes,K,K,alkali_metal,GFN2,1.48,209.54385842943992,-0.39525888682407,2,16,16,16
klimes,K,K,alkali_metal,GFN2,1.56,220.87055347968,-0.39600218120447,2,16,16,16
klimes,K,K,alkali_metal,GFN2,1.64,232.19724852991988,-0.39994080466371,2,16,16,16
klimes,K,K,alkali_metal,GFN2,1.72,243.52394358015994,-0.42453569930066,2,16,16,16
klimes,K,K,alkali_metal,GFN2,1.76,249.1872911052799,-0.44202727445371,2,16,16,16
klimes,K,K,alkali_metal,GFN2,1.84,260.51398615552006,-0.45969144323639,2,16,16,16
klimes,K,K,alkali_metal,GFN2,1.88,266.17733368064,-0.46209758601398,2,16,16,16
klimes,K,K,alkali_metal,GFN2,1.92,271.84068120576,-0.46268822544401,2,16,16,16
klimes,K,K,alkali_metal,GFN2,1.96,277.5040287308799,-0.46234801989759,2,16,16,16
klimes,K,K,alkali_metal,GFN2,2.0,283.1673762559999,-0.46150503515784,2,16,16,16
klimes,K,K,alkali_metal,GFN2,2.04,288.8307237811199,-0.46051015126432,2,16,16,16
klimes,K,K,alkali_metal,GFN2,2.08,294.49407130623996,-0.45924378815433,2,16,16,16
klimes,K,K,alkali_metal,GFN2,2.12,300.15741883135996,-0.4578420282094,2,16,16,16
klimes,K,K,alkali_metal,GFN2,2.16,305.82076635648014,-0.45637804834963,2,16,16,16
klimes,K,K,alkali_metal,GFN2,2.2,311.48411388160014,-0.45487531328359,2,16,16,16
klimes,K,K,alkali_metal,GFN2,2.24,317.1474614067199,-0.45334906210791,2,16,16,16
klimes,K,K,alkali_metal,GFN2,2.28,322.8108089318401,-0.45180966369936,2,16,16,16
klimes,K,K,alkali_metal,GFN2,2.4,339.8008515072,-0.44714848483762,2,16,16,16
klimes,K,K,alkali_metal,GFN2,2.6,368.11758913279994,-0.43957246940725,2,16,16,16
klimes,K,K,alkali_metal,GFN2,3.0,424.75106438399956,-0.42565440043755,2,16,16,16
klimes,Rb,Rb,alkali_metal,GFN1,0.8,138.69419438080007,-0.84836527787834,2,16,16,16
klimes,Rb,Rb,alkali_metal,GFN1,0.84,145.62890409983996,-0.84900202160976,2,16,16,16
klimes,Rb,Rb,alkali_metal,GFN1,0.88,152.56361381887993,-0.84922981267661,2,16,16,16
klimes,Rb,Rb,alkali_metal,GFN1,0.92,159.49832353792002,-0.8491422245738,2,16,16,16
klimes,Rb,Rb,alkali_metal,GFN1,0.96,166.43303325696,-0.84880210116019,2,16,16,16
klimes,Rb,Rb,alkali_metal,GFN1,1.0,173.36774297599993,-0.84825480071761,2,16,16,16
klimes,Rb,Rb,alkali_metal,GFN1,1.04,180.30245269503996,-0.84753924915717,2,16,16,16
klimes,Rb,Rb,alkali_metal,GFN1,1.08,187.23716241408005,-0.84668302170317,2,16,16,16
klimes,Rb,Rb,alkali_metal,GFN1,1.12,194.17187213311993,-0.84570486860192,2,16,16,16
klimes,Rb,Rb,alkali_metal,GFN1,1.16,201.10658185215996,-0.84462306903933,2,16,16,16
klimes,Rb,Rb,alkali_metal,GFN1,1.2,208.04129157119996,-0.84345402912129,2,16,16,16
klimes,Rb,Rb,alkali_metal,GFN1,1.64,284.3230984806398,-0.8269842179663,2,16,16,16
klimes,Rb,Rb,alkali_metal,GFN1,1.72,298.1925179187199,-0.82366719286502,2,16,16,16
klimes,Rb,Rb,alkali_metal,GFN1,1.84,318.9966470758401,-0.81927035100487,2,16,16,16
klimes,Rb,Rb,alkali_metal,GFN1,2.0,346.7354859520002,-0.81671994490858,2,16,16,16
klimes,Rb,Rb,alkali_metal,GFN1,2.2,381.4090345472002,-0.81532879237677,2,16,16,16
klimes,Rb,Rb,alkali_metal,GFN2,0.8,138.69419438080007,-0.36117810259242,2,16,16,16
klimes,Rb,Rb,alkali_metal,GFN2,0.84,145.62890409983996,-0.36732368914669,2,16,16,16
klimes,Rb,Rb,alkali_metal,GFN2,0.88,152.56361381887993,-0.37318407539819,2,16,16,16
klimes,Rb,Rb,alkali_metal,GFN2,0.92,159.49832353792002,-0.37879110592922,2,16,16,16
klimes,Rb,Rb,alkali_metal,GFN2,0.96,166.43303325696,-0.38414594479585,2,16,16,16
klimes,Rb,Rb,alkali_metal,GFN2,1.0,173.36774297599993,-0.39318159416074,2,16,16,16
klimes,Rb,Rb,alkali_metal,GFN2,1.04,180.30245269503996,-0.39787028096173,2,16,16,16
klimes,Rb,Rb,alkali_metal,GFN2,1.08,187.23716241408005,-0.40229982061414,2,16,16,16
klimes,Rb,Rb,alkali_metal,GFN2,1.12,194.17187213311993,-0.40645591823607,2,16,16,16
klimes,Rb,Rb,alkali_metal,GFN2,1.16,201.10658185215996,-0.41032917526107,2,16,16,16
klimes,Rb,Rb,alkali_metal,GFN2,1.2,208.04129157119996,-0.41394001328746,2,16,16,16
klimes,Rb,Rb,alkali_metal,GFN2,1.24,214.97600129023985,-0.41723242582776,2,16,16,16
klimes,Rb,Rb,alkali_metal,GFN2,1.28,221.91071100927994,-0.42023678015986,2,16,16,16
klimes,Rb,Rb,alkali_metal,GFN2,1.32,228.84542072831994,-0.42296585700607,2,16,16,16
klimes,Rb,Rb,alkali_metal,GFN2,1.36,235.78013044735988,-0.42541942111282,2,16,16,16
klimes,Rb,Rb,alkali_metal,GFN2,1.4,242.71484016639988,-0.42761746006895,2,16,16,16
klimes,Rb,Rb,alkali_metal,GFN2,1.48,256.5842596044799,-0.43132071629918,2,16,16,16
klimes,Rb,Rb,alkali_metal,GFN2,1.56,270.45367904255977,-0.4343227424453,2,16,16,16
klimes,Rb,Rb,alkali_metal,GFN2,1.64,284.3230984806398,-0.43830825259005,2,16,16,16
klimes,Rb,Rb,alkali_metal,GFN2,1.72,298.1925179187199,-0.45422336264961,2,16,16,16
klimes,Rb,Rb,alkali_metal,GFN2,1.84,318.9966470758401,-0.48846434586317,2,16,16,16
klimes,Rb,Rb,alkali_metal,GFN2,1.88,325.9313567948797,-0.49191509999198,2,16,16,16
klimes,Rb,Rb,alkali_metal,GFN2,1.96,339.80077623295983,-0.49343256629924,2,16,16,16
klimes,Rb,Rb,alkali_metal,GFN2,2.0,346.7354859520002,-0.49301220298479,2,16,16,16
klimes,Rb,Rb,alkali_metal,GFN2,2.04,353.6701956710399,-0.49218529731845,2,16,16,16
klimes,Rb,Rb,alkali_metal,GFN2,2.12,367.53961510911995,-0.48992100311545,2,16,16,16
klimes,Rb,Rb,alkali_metal,GFN2,2.16,374.47432482815975,-0.48857420178686,2,16,16,16
klimes,Rb,Rb,alkali_metal,GFN2,2.2,381.4090345472002,-0.48712765618989,2,16,16,16
klimes,Rb,Rb,alkali_metal,GFN2,2.28,395.2784539852801,-0.48399541715837,2,16,16,16
klimes,Cs,Cs,alkali_metal,GFN1,0.8,176.19154985519995,-0.75052989498878,2,16,16,16
klimes,Cs,Cs,alkali_metal,GFN1,0.84,185.00112734796,-0.75266335301633,2,16,16,16
klimes,Cs,Cs,alkali_metal,GFN1,0.88,193.81070484072012,-0.75437399478081,2,16,16,16
klimes,Cs,Cs,alkali_metal,GFN1,0.92,202.62028233347988,-0.75573033174968,2,16,16,16
klimes,Cs,Cs,alkali_metal,GFN1,0.96,211.42985982624,-0.75678914116181,2,16,16,16
klimes,Cs,Cs,alkali_metal,GFN1,1.0,220.23943731899993,-0.75759132212115,2,16,16,16
klimes,Cs,Cs,alkali_metal,GFN1,1.04,229.04901481176,-0.75816539796474,2,16,16,16
klimes,Cs,Cs,alkali_metal,GFN1,1.08,237.85859230451987,-0.75854868078898,2,16,16,16
klimes,Cs,Cs,alkali_metal,GFN1,1.12,246.66816979727994,-0.75875789547613,2,16,16,16
klimes,Cs,Cs,alkali_metal,GFN1,1.16,255.4777472900398,-0.75881675801367,2,16,16,16
klimes,Cs,Cs,alkali_metal,GFN1,1.2,264.2873247828,-0.75873714274131,2,16,16,16
klimes,Cs,Cs,alkali_metal,GFN1,1.64,361.19267720315986,-0.75190070456576,2,16,16,16
klimes,Cs,Cs,alkali_metal,GFN1,1.72,378.81183218867994,-0.74988169514333,2,16,16,16
klimes,Cs,Cs,alkali_metal,GFN1,1.84,405.24056466696015,-0.74666992016419,2,16,16,16
klimes,Cs,Cs,alkali_metal,GFN1,2.0,440.4788746379999,-0.74313080160901,2,16,16,16
klimes,Cs,Cs,alkali_metal,GFN1,2.2,484.5267621017999,-0.74297260100551,2,16,16,16
klimes,Cs,Cs,alkali_metal,GFN2,0.8,176.19154985519995,-0.30330890841671,2,16,16,16
klimes,Cs,Cs,alkali_metal,GFN2,0.84,185.00112734796,-0.30922567653849,2,16,16,16
klimes,Cs,Cs,alkali_metal,GFN2,0.88,193.81070484072012,-0.31489483056889,2,16,16,16
klimes,Cs,Cs,alkali_metal,GFN2,0.92,202.62028233347988,-0.32032839794787,2,16,16,16
klimes,Cs,Cs,alkali_metal,GFN2,0.96,211.42985982624,-0.32554311053581,2,16,16,16
klimes,Cs,Cs,alkali_metal,GFN2,1.0,220.23943731899993,-0.33241507559586,2,16,16,16
klimes,Cs,Cs,alkali_metal,GFN2,1.04,229.04901481176,-0.33707179620174,2,16,16,16
klimes,Cs,Cs,alkali_metal,GFN2,1.08,237.85859230451987,-0.34146260700235,2,16,16,16
klimes,Cs,Cs,alkali_metal,GFN2,1.12,246.66816979727994,-0.3455918306036,2,16,16,16
klimes,Cs,Cs,alkali_metal,GFN2,1.16,255.4777472900398,-0.34945263049465,2,16,16,16
klimes,Cs,Cs,alkali_metal,GFN2,1.2,264.2873247828,-0.3530356498774,2,16,16,16
klimes,Cs,Cs,alkali_metal,GFN2,1.24,273.09690227555984,-0.3563411952433,2,16,16,16
klimes,Cs,Cs,alkali_metal,GFN2,1.28,281.90647976831974,-0.35937143825261,2,16,16,16
klimes,Cs,Cs,alkali_metal,GFN2,1.32,290.71605726108,-0.36213805360361,2,16,16,16
klimes,Cs,Cs,alkali_metal,GFN2,1.36,299.5256347538399,-0.36463999947861,2,16,16,16
klimes,Cs,Cs,alkali_metal,GFN2,1.4,308.3352122465999,-0.36689733431034,2,16,16,16
klimes,Cs,Cs,alkali_metal,GFN2,1.48,325.9543672321199,-0.37074139337795,2,16,16,16
klimes,Cs,Cs,alkali_metal,GFN2,1.56,343.57352221764006,-0.37379684394928,2,16,16,16
klimes,Cs,Cs,alkali_metal,GFN2,1.64,361.19267720315986,-0.37622468670856,2,16,16,16
klimes,Cs,Cs,alkali_metal,GFN2,1.72,378.81183218867994,-0.37872343757047,2,16,16,16
klimes,Cs,Cs,alkali_metal,GFN2,1.84,405.24056466696015,-0.3981087385475,2,16,16,16
klimes,Cs,Cs,alkali_metal,GFN2,1.88,414.0501421597197,-0.41186368764543,2,16,16,16
klimes,Cs,Cs,alkali_metal,GFN2,1.96,431.6692971452395,-0.42880448989457,2,16,16,16
klimes,Cs,Cs,alkali_metal,GFN2,2.0,440.4788746379999,-0.43178031217746,2,16,16,16
klimes,Cs,Cs,alkali_metal,GFN2,2.04,449.28845213075994,-0.43378838569297,2,16,16,16
klimes,Cs,Cs,alkali_metal,GFN2,2.12,466.9076071162804,-0.43335700897613,2,16,16,16
klimes,Cs,Cs,alkali_metal,GFN2,2.16,475.71718460904026,-0.43250060078862,2,16,16,16
klimes,Cs,Cs,alkali_metal,GFN2,2.2,484.5267621017999,-0.43142315814089,2,16,16,16
klimes,Cs,Cs,alkali_metal,GFN2,2.28,502.1459170873198,-0.42886563627155,2,16,16,16
klimes,Ca,Ca,alkaline_earth_metal,GFN1,0.8,136.98499790159997,-2.42770627808922,4,16,16,16
klimes,Ca,Ca,alkaline_earth_metal,GFN1,0.84,143.83424779668013,-2.43668102866063,4,16,16,16
klimes,Ca,Ca,alkaline_earth_metal,GFN1,0.88,150.6834976917601,-2.44444634254939,4,16,16,16
klimes,Ca,Ca,alkaline_earth_metal,GFN1,0.92,157.53274758684006,-2.45123200706572,4,16,16,16
klimes,Ca,Ca,alkaline_earth_metal,GFN1,0.96,164.38199748192002,-2.45722319368316,4,16,16,16
klimes,Ca,Ca,alkaline_earth_metal,GFN1,1.0,171.23124737699996,-2.46255897287228,4,16,16,16
klimes,Ca,Ca,alkaline_earth_metal,GFN1,1.04,178.08049727208,-2.46733205200493,4,16,16,16
klimes,Ca,Ca,alkaline_earth_metal,GFN1,1.08,184.9297471671601,-2.47163068734914,4,16,16,16
klimes,Ca,Ca,alkaline_earth_metal,GFN1,1.12,191.77899706223997,-2.47550146976132,4,16,16,16
klimes,Ca,Ca,alkaline_earth_metal,GFN1,1.16,198.62824695731985,-2.47899347132675,4,16,16,16
klimes,Ca,Ca,alkaline_earth_metal,GFN1,1.2,205.4774968524,-2.48213499498232,4,16,16,16
klimes,Ca,Ca,alkaline_earth_metal,GFN1,1.24,212.3267467474799,-2.48495406642256,4,16,16,16
klimes,Ca,Ca,alkaline_earth_metal,GFN1,1.28,219.1759966425598,-2.48747177929202,4,16,16,16
klimes,Ca,Ca,alkaline_earth_metal,GFN1,1.32,226.02524653764,-2.4897113826252,4,16,16,16
klimes,Ca,Ca,alkaline_earth_metal,GFN1,1.36,232.87449643271992,-2.49168556434759,4,16,16,16
klimes,Ca,Ca,alkaline_earth_metal,GFN1,1.4,239.72374632779994,-2.49342256968473,4,16,16,16
klimes,Ca,Ca,alkaline_earth_metal,GFN1,1.48,253.42224611795996,-2.49622785662542,4,16,16,16
klimes,Ca,Ca,alkaline_earth_metal,GFN1,1.56,267.12074590811983,-2.49840968923757,4,16,16,16
klimes,Ca,Ca,alkaline_earth_metal,GFN1,1.64,280.8192456982799,-2.50264177503337,4,16,16,16
klimes,Ca,Ca,alkaline_earth_metal,GFN1,1.72,294.51774548843997,-2.5193872741079,4,16,16,16
klimes,Ca,Ca,alkaline_earth_metal,GFN1,1.76,301.36699538351996,-2.52855414451052,4,16,16,16
klimes,Ca,Ca,alkaline_earth_metal,GFN1,1.84,315.0654951736801,-2.5356983889335,4,16,16,16
klimes,Ca,Ca,alkaline_earth_metal,GFN1,1.88,321.91474506876006,-2.5362633916619,4,16,16,16
klimes,Ca,Ca,alkaline_earth_metal,GFN1,1.92,328.76399496384005,-2.53621812769508,4,16,16,16
klimes,Ca,Ca,alkaline_earth_metal,GFN1,1.96,335.6132448589199,-2.53599799743812,4,16,16,16
klimes,Ca,Ca,alkaline_earth_metal,GFN1,2.0,342.4624947539999,-2.5358290667041,4,16,16,16
klimes,Ca,Ca,alkaline_earth_metal,GFN1,2.04,349.31174464907997,-2.53579682441697,4,16,16,16
klimes,Ca,Ca,alkaline_earth_metal,GFN1,2.08,356.16099454416,-2.53591975037428,4,16,16,16
klimes,Ca,Ca,alkaline_earth_metal,GFN1,2.12,363.01024443924,-2.53612168142304,4,16,16,16
klimes,Ca,Ca,alkaline_earth_metal,GFN1,2.16,369.8594943343202,-2.53631965782537,4,16,16,16
klimes,Ca,Ca,alkaline_earth_metal,GFN1,2.2,376.7087442293999,-2.53639301000896,4,16,16,16
klimes,Ca,Ca,alkaline_earth_metal,GFN1,2.24,383.55799412448,-2.53631886256234,4,16,16,16
klimes,Ca,Ca,alkaline_earth_metal,GFN1,2.28,390.40724401955987,-2.53602723444124,4,16,16,16
klimes,Ca,Ca,alkaline_earth_metal,GFN1,2.4,410.9549937047997,-2.53379862975466,4,16,16,16
klimes,Ca,Ca,alkaline_earth_metal,GFN1,2.6,445.20124318020004,-2.52685974669529,4,16,16,16
klimes,Ca,Ca,alkaline_earth_metal,GFN1,3.0,513.693742131,-2.50863981049516,4,16,16,16
klimes,Ca,Ca,alkaline_earth_metal,GFN2,0.8,136.98499790159997,-1.51132722593113,4,16,16,16
klimes,Ca,Ca,alkaline_earth_metal,GFN2,0.84,143.83424779668013,-1.51950196583138,4,16,16,16
klimes,Ca,Ca,alkaline_earth_metal,GFN2,0.88,150.6834976917601,-1.52797751866451,4,16,16,16
klimes,Ca,Ca,alkaline_earth_metal,GFN2,0.92,157.53274758684006,-1.53674635474029,4,16,16,16
klimes,Ca,Ca,alkaline_earth_metal,GFN2,0.96,164.38199748192002,-1.54544525626468,4,16,16,16
klimes,Ca,Ca,alkaline_earth_metal,GFN2,1.0,171.23124737699996,-1.56545111127367,4,16,16,16
klimes,Ca,Ca,alkaline_earth_metal,GFN2,1.04,178.08049727208,-1.57311526397543,4,16,16,16
klimes,Ca,Ca,alkaline_earth_metal,GFN2,1.08,184.9297471671601,-1.58030415676904,4,16,16,16
klimes,Ca,Ca,alkaline_earth_metal,GFN2,1.12,191.77899706223997,-1.58691823262941,4,16,16,16
klimes,Ca,Ca,alkaline_earth_metal,GFN2,1.16,198.62824695731985,-1.59294547880007,4,16,16,16
klimes,Ca,Ca,alkaline_earth_metal,GFN2,1.2,205.4774968524,-1.59838594812162,4,16,16,16
klimes,Ca,Ca,alkaline_earth_metal,GFN2,1.24,212.3267467474799,-1.60327494144864,4,16,16,16
klimes,Ca,Ca,alkaline_earth_metal,GFN2,1.28,219.1759966425598,-1.60758458609823,4,16,16,16
klimes,Ca,Ca,alkaline_earth_metal,GFN2,1.32,226.02524653764,-1.61135201933361,4,16,16,16
klimes,Ca,Ca,alkaline_earth_metal,GFN2,1.36,232.87449643271992,-1.61458655843319,4,16,16,16
klimes,Ca,Ca,alkaline_earth_metal,GFN2,1.4,239.72374632779994,-1.61733450711491,4,16,16,16
klimes,Ca,Ca,alkaline_earth_metal,GFN2,1.48,253.42224611795996,-1.62156721539909,4,16,16,16
klimes,Ca,Ca,alkaline_earth_metal,GFN2,1.56,267.12074590811983,-1.62699199183739,4,16,16,16
klimes,Ca,Ca,alkaline_earth_metal,GFN2,1.64,280.8192456982799,-1.67208997943625,4,16,16,16
klimes,Ca,Ca,alkaline_earth_metal,GFN2,1.72,294.51774548843997,-1.6876816794205,4,16,16,16
klimes,Ca,Ca,alkaline_earth_metal,GFN2,1.76,301.36699538351996,-1.69186886666496,4,16,16,16
klimes,Ca,Ca,alkaline_earth_metal,GFN2,1.84,315.0654951736801,-1.71125395521052,4,16,16,16
klimes,Ca,Ca,alkaline_earth_metal,GFN2,1.88,321.91474506876006,-1.71915878028201,4,16,16,16
klimes,Ca,Ca,alkaline_earth_metal,GFN2,1.92,328.76399496384005,-1.72258981599898,4,16,16,16
klimes,Ca,Ca,alkaline_earth_metal,GFN2,1.96,335.6132448589199,-1.72313716245423,4,16,16,16
klimes,Ca,Ca,alkaline_earth_metal,GFN2,2.0,342.4624947539999,-1.72224879984847,4,16,16,16
klimes,Ca,Ca,alkaline_earth_metal,GFN2,2.04,349.31174464907997,-1.72066176073025,4,16,16,16
klimes,Ca,Ca,alkaline_earth_metal,GFN2,2.08,356.16099454416,-1.71971970727061,4,16,16,16
klimes,Ca,Ca,alkaline_earth_metal,GFN2,2.12,363.01024443924,-1.71753706495634,4,16,16,16
klimes,Ca,Ca,alkaline_earth_metal,GFN2,2.16,369.8594943343202,-1.71525502311559,4,16,16,16
klimes,Ca,Ca,alkaline_earth_metal,GFN2,2.2,376.7087442293999,-1.71288383892004,4,16,16,16
klimes,Ca,Ca,alkaline_earth_metal,GFN2,2.24,383.55799412448,-1.71051864432147,4,16,16,16
klimes,Ca,Ca,alkaline_earth_metal,GFN2,2.28,390.40724401955987,-1.70813891891162,4,16,16,16
klimes,Ca,Ca,alkaline_earth_metal,GFN2,2.4,410.9549937047997,-1.70098115516435,4,16,16,16
klimes,Ca,Ca,alkaline_earth_metal,GFN2,2.6,445.20124318020004,-1.68923812579753,4,16,16,16
klimes,Ca,Ca,alkaline_earth_metal,GFN2,3.0,513.693742131,-1.66612088231624,4,16,16,16
klimes,Sr,Sr,alkaline_earth_metal,GFN1,0.8,176.7172329,-2.10035596170853,4,16,16,16
klimes,Sr,Sr,alkaline_earth_metal,GFN1,0.84,185.55309454500002,-2.11124273317872,4,16,16,16
klimes,Sr,Sr,alkaline_earth_metal,GFN1,0.88,194.38895618999996,-2.12062435639507,4,16,16,16
klimes,Sr,Sr,alkaline_earth_metal,GFN1,0.92,203.22481783499993,-2.12881097017354,4,16,16,16
klimes,Sr,Sr,alkaline_earth_metal,GFN1,0.96,212.06067947999986,-2.13602530069283,4,16,16,16
klimes,Sr,Sr,alkaline_earth_metal,GFN1,1.0,220.89654112499997,-2.14243043510585,4,16,16,16
klimes,Sr,Sr,alkaline_earth_metal,GFN1,1.04,229.73240276999982,-2.14815334736286,4,16,16,16
klimes,Sr,Sr,alkaline_earth_metal,GFN1,1.08,238.56826441499993,-2.15327672123814,4,16,16,16
klimes,Sr,Sr,alkaline_earth_metal,GFN1,1.12,247.40412605999998,-2.15788465127237,4,16,16,16
klimes,Sr,Sr,alkaline_earth_metal,GFN1,1.16,256.23998770500003,-2.16202665072467,4,16,16,16
klimes,Sr,Sr,alkaline_earth_metal,GFN1,1.2,265.07584935000006,-2.16575130770737,4,16,16,16
klimes,Sr,Sr,alkaline_earth_metal,GFN1,1.24,273.9117109949999,-2.16910287503236,4,16,16,16
klimes,Sr,Sr,alkaline_earth_metal,GFN1,1.28,282.74757263999976,-2.17210531790915,4,16,16,16
klimes,Sr,Sr,alkaline_earth_metal,GFN1,1.32,291.583434285,-2.17480289279968,4,16,16,16
klimes,Sr,Sr,alkaline_earth_metal,GFN1,1.36,300.4192959299999,-2.17721556512298,4,16,16,16
klimes,Sr,Sr,alkaline_earth_metal,GFN1,1.4,309.255157575,-2.17935927006965,4,16,16,16
klimes,Sr,Sr,alkaline_earth_metal,GFN1,1.48,326.9268808649997,-2.18296683503679,4,16,16,16
klimes,Sr,Sr,alkaline_earth_metal,GFN1,1.56,344.59860415500015,-2.18605144482974,4,16,16,16
klimes,Sr,Sr,alkaline_earth_metal,GFN1,1.64,362.2703274449999,-2.19234669533508,4,16,16,16
klimes,Sr,Sr,alkaline_earth_metal,GFN1,1.72,379.942050735,-2.21006725876553,4,16,16,16
klimes,Sr,Sr,alkaline_earth_metal,GFN1,1.76,388.77791238,-2.21730121232889,4,16,16,16
klimes,Sr,Sr,alkaline_earth_metal,GFN1,1.8,397.6137740249998,-2.22105140155512,4,16,16,16
klimes,Sr,Sr,alkaline_earth_metal,GFN1,1.82,402.0317048474997,-2.22204563643166,4,16,16,16
klimes,Sr,Sr,alkaline_earth_metal,GFN1,1.84,406.4496356700006,-2.22267737908987,4,16,16,16
klimes,Sr,Sr,alkaline_earth_metal,GFN1,1.86,410.8675664925,-2.2230678064944,4,16,16,16
klimes,Sr,Sr,alkaline_earth_metal,GFN1,1.9,419.70342813749977,-2.22341382415311,4,16,16,16
klimes,Sr,Sr,alkaline_earth_metal,GFN1,1.92,424.1213589599998,-2.22350244381305,4,16,16,16
klimes,Sr,Sr,alkaline_earth_metal,GFN1,1.94,428.5392897824998,-2.22356799309449,4,16,16,16
klimes,Sr,Sr,alkaline_earth_metal,GFN1,2.0,441.79308225,-2.22379532102374,4,16,16,16
klimes,Sr,Sr,alkaline_earth_metal,GFN1,2.04,450.628943895,-2.22404246181944,4,16,16,16
klimes,Sr,Sr,alkaline_earth_metal,GFN1,2.08,459.4648055400001,-2.22435225658288,4,16,16,16
klimes,Sr,Sr,alkaline_earth_metal,GFN1,2.12,468.3006671850001,-2.22466702075051,4,16,16,16
klimes,Sr,Sr,alkaline_earth_metal,GFN1,2.16,477.1365288299999,-2.22489450251291,4,16,16,16
klimes,Sr,Sr,alkaline_earth_metal,GFN1,2.2,485.97239047499954,-2.22501195741012,4,16,16,16
klimes,Sr,Sr,alkaline_earth_metal,GFN1,2.24,494.80825212,-2.22495719117852,4,16,16,16
klimes,Sr,Sr,alkaline_earth_metal,GFN1,2.28,503.6441137650003,-2.22471245316932,4,16,16,16
klimes,Sr,Sr,alkaline_earth_metal,GFN1,2.4,530.1516987000001,-2.22289832403272,4,16,16,16
klimes,Sr,Sr,alkaline_earth_metal,GFN1,2.6,574.3310069250001,-2.21742976844215,4,16,16,16
klimes,Sr,Sr,alkaline_earth_metal,GFN1,3.0,662.6896233749995,-2.20283363534101,4,16,16,16
klimes,Sr,Sr,alkaline_earth_metal,GFN2,0.8,176.7172329,-1.82062075049081,4,16,16,16
klimes,Sr,Sr,alkaline_earth_metal,GFN2,0.84,185.55309454500002,-1.83781447579652,4,16,16,16
klimes,Sr,Sr,alkaline_earth_metal,GFN2,0.88,194.38895618999996,-1.85339186401945,4,16,16,16
klimes,Sr,Sr,alkaline_earth_metal,GFN2,0.92,203.22481783499993,-1.86745091817225,4,16,16,16
klimes,Sr,Sr,alkaline_earth_metal,GFN2,0.96,212.06067947999986,-1.8800344493431,4,16,16,16
klimes,Sr,Sr,alkaline_earth_metal,GFN2,1.0,220.89654112499997,-1.9027305275841,4,16,16,16
klimes,Sr,Sr,alkaline_earth_metal,GFN2,1.04,229.73240276999982,-1.91217516077803,4,16,16,16
klimes,Sr,Sr,alkaline_earth_metal,GFN2,1.08,238.56826441499993,-1.9204875812675,4,16,16,16
klimes,Sr,Sr,alkaline_earth_metal,GFN2,1.12,247.40412605999998,-1.92779800321856,4,16,16,16
klimes,Sr,Sr,alkaline_earth_metal,GFN2,1.16,256.23998770500003,-1.93397136430411,4,16,16,16
klimes,Sr,Sr,alkaline_earth_metal,GFN2,1.2,265.07584935000006,-1.93922481068487,4,16,16,16
klimes,Sr,Sr,alkaline_earth_metal,GFN2,1.24,273.9117109949999,-1.94365990959693,4,16,16,16
klimes,Sr,Sr,alkaline_earth_metal,GFN2,1.28,282.74757263999976,-1.9473593220615,4,16,16,16
klimes,Sr,Sr,alkaline_earth_metal,GFN2,1.32,291.583434285,-1.95042974932751,4,16,16,16
klimes,Sr,Sr,alkaline_earth_metal,GFN2,1.36,300.4192959299999,-1.95291312407499,4,16,16,16
klimes,Sr,Sr,alkaline_earth_metal,GFN2,1.4,309.255157575,-1.95488418160088,4,16,16,16
klimes,Sr,Sr,alkaline_earth_metal,GFN2,1.48,326.9268808649997,-1.95760463626218,4,16,16,16
klimes,Sr,Sr,alkaline_earth_metal,GFN2,1.56,344.59860415500015,-1.96562618592748,4,16,16,16
klimes,Sr,Sr,alkaline_earth_metal,GFN2,1.64,362.2703274449999,-2.01680242297473,4,16,16,16
klimes,Sr,Sr,alkaline_earth_metal,GFN2,1.72,379.942050735,-2.02660862552003,4,16,16,16
klimes,Sr,Sr,alkaline_earth_metal,GFN2,1.76,388.77791238,-2.03008627278714,4,16,16,16
klimes,Sr,Sr,alkaline_earth_metal,GFN2,1.8,397.6137740249998,-2.03617810007496,4,16,16,16
klimes,Sr,Sr,alkaline_earth_metal,GFN2,1.82,402.0317048474997,-2.03931789279607,4,16,16,16
klimes,Sr,Sr,alkaline_earth_metal,GFN2,1.84,406.4496356700006,-2.04184713871161,4,16,16,16
klimes,Sr,Sr,alkaline_earth_metal,GFN2,1.86,410.8675664925,-2.04354573039287,4,16,16,16
klimes,Sr,Sr,alkaline_earth_metal,GFN2,1.88,415.28549731499976,-2.04444173484561,4,16,16,16
klimes,Sr,Sr,alkaline_earth_metal,GFN2,1.9,419.70342813749977,-2.04464037635606,4,16,16,16
klimes,Sr,Sr,alkaline_earth_metal,GFN2,1.92,424.1213589599998,-2.04440219158809,4,16,16,16
klimes,Sr,Sr,alkaline_earth_metal,GFN2,1.94,428.5392897824998,-2.04382409618711,4,16,16,16
klimes,Sr,Sr,alkaline_earth_metal,GFN2,1.96,432.9572206050004,-2.0430114472917,4,16,16,16
klimes,Sr,Sr,alkaline_earth_metal,GFN2,2.0,441.79308225,-2.04095328465369,4,16,16,16
klimes,Sr,Sr,alkaline_earth_metal,GFN2,2.04,450.628943895,-2.03873055880633,4,16,16,16
klimes,Sr,Sr,alkaline_earth_metal,GFN2,2.12,468.3006671850001,-2.03356526885172,4,16,16,16
klimes,Sr,Sr,alkaline_earth_metal,GFN2,2.16,477.1365288299999,-2.03088053632669,4,16,16,16
klimes,Sr,Sr,alkaline_earth_metal,GFN2,2.2,485.97239047499954,-2.02820899603119,4,16,16,16
klimes,Sr,Sr,alkaline_earth_metal,GFN2,2.28,503.6441137650003,-2.02286896335407,4,16,16,16
klimes,Sr,Sr,alkaline_earth_metal,GFN2,2.4,530.1516987000001,-2.01493588892665,4,16,16,16
klimes,Sr,Sr,alkaline_earth_metal,GFN2,2.6,574.3310069250001,-2.00208084846203,4,16,16,16
klimes,Sr,Sr,alkaline_earth_metal,GFN2,3.0,662.6896233749995,-1.97871188827975,4,16,16,16
klimes,Ba,Ba,alkaline_earth_metal,GFN1,0.8,99.70029990000006,-1.07027853304186,2,16,16,16
klimes,Ba,Ba,alkaline_earth_metal,GFN1,0.84,104.68531489499998,-1.07617651620205,2,16,16,16
klimes,Ba,Ba,alkaline_earth_metal,GFN1,0.88,109.67032989000005,-1.08108115213608,2,16,16,16
klimes,Ba,Ba,alkaline_earth_metal,GFN1,0.92,114.65534488500003,-1.0852315377988,2,16,16,16
klimes,Ba,Ba,alkaline_earth_metal,GFN1,0.96,119.64035987999999,-1.08879363214997,2,16,16,16
klimes,Ba,Ba,alkaline_earth_metal,GFN1,1.0,124.62537487500006,-1.09189136286335,2,16,16,16
klimes,Ba,Ba,alkaline_earth_metal,GFN1,1.04,129.61038986999998,-1.09461462780506,2,16,16,16
klimes,Ba,Ba,alkaline_earth_metal,GFN1,1.08,134.59540486500003,-1.0970208214183,2,16,16,16
klimes,Ba,Ba,alkaline_earth_metal,GFN1,1.12,139.5804198600001,-1.09916881574057,2,16,16,16
klimes,Ba,Ba,alkaline_earth_metal,GFN1,1.16,144.56543485499998,-1.10109681728795,2,16,16,16
klimes,Ba,Ba,alkaline_earth_metal,GFN1,1.2,149.55044984999998,-1.10283185144033,2,16,16,16
klimes,Ba,Ba,alkaline_earth_metal,GFN1,1.24,154.5354648449999,-1.10439751814243,2,16,16,16
klimes,Ba,Ba,alkaline_earth_metal,GFN1,1.28,159.52047983999998,-1.10581922215227,2,16,16,16
klimes,Ba,Ba,alkaline_earth_metal,GFN1,1.32,164.50549483499998,-1.10711233608421,2,16,16,16
klimes,Ba,Ba,alkaline_earth_metal,GFN1,1.36,169.49050982999992,-1.10828952098415,2,16,16,16
klimes,Ba,Ba,alkaline_earth_metal,GFN1,1.4,174.4755248250001,-1.10936010538543,2,16,16,16
klimes,Ba,Ba,alkaline_earth_metal,GFN1,1.48,184.44555481499995,-1.11123478836375,2,16,16,16
klimes,Ba,Ba,alkaline_earth_metal,GFN1,1.56,194.41558480500004,-1.11282850544119,2,16,16,16
klimes,Ba,Ba,alkaline_earth_metal,GFN1,1.64,204.3856147949999,-1.11436718518236,2,16,16,16
klimes,Ba,Ba,alkaline_earth_metal,GFN1,1.72,214.35564478499995,-1.1174393304351,2,16,16,16
klimes,Ba,Ba,alkaline_earth_metal,GFN1,1.76,219.34065977999992,-1.12105375614024,2,16,16,16
klimes,Ba,Ba,alkaline_earth_metal,GFN1,1.84,229.31068977000007,-1.13108306580117,2,16,16,16
klimes,Ba,Ba,alkaline_earth_metal,GFN1,1.88,234.295704765,-1.13444520114152,2,16,16,16
klimes,Ba,Ba,alkaline_earth_metal,GFN1,1.92,239.28071976,-1.13638052782079,2,16,16,16
klimes,Ba,Ba,alkaline_earth_metal,GFN1,1.96,244.26573475500012,-1.13742608447195,2,16,16,16
klimes,Ba,Ba,alkaline_earth_metal,GFN1,2.0,249.25074975000015,-1.13803519675891,2,16,16,16
klimes,Ba,Ba,alkaline_earth_metal,GFN1,2.04,254.23576474499995,-1.13844855287149,2,16,16,16
klimes,Ba,Ba,alkaline_earth_metal,GFN1,2.08,259.22077974,-1.13880267368301,2,16,16,16
klimes,Ba,Ba,alkaline_earth_metal,GFN1,2.12,264.205794735,-1.13915504532482,2,16,16,16
klimes,Ba,Ba,alkaline_earth_metal,GFN1,2.16,269.19080972999984,-1.13956432431667,2,16,16,16
klimes,Ba,Ba,alkaline_earth_metal,GFN1,2.2,274.17582472500015,-1.13999477157561,2,16,16,16
klimes,Ba,Ba,alkaline_earth_metal,GFN1,2.24,279.1608397200002,-1.14044061371963,2,16,16,16
klimes,Ba,Ba,alkaline_earth_metal,GFN1,2.28,284.1458547150001,-1.14086305394951,2,16,16,16
klimes,Ba,Ba,alkaline_earth_metal,GFN1,2.4,299.1008997,-1.14177305057343,2,16,16,16
klimes,Ba,Ba,alkaline_earth_metal,GFN1,2.44,304.0859146950001,-1.14191536220079,2,16,16,16
klimes,Ba,Ba,alkaline_earth_metal,GFN1,2.48,309.07092968999984,-1.14197946352809,2,16,16,16
klimes,Ba,Ba,alkaline_earth_metal,GFN1,2.52,314.05594468500004,-1.14197268928435,2,16,16,16
klimes,Ba,Ba,alkaline_earth_metal,GFN1,2.56,319.04095967999996,-1.14190330328344,2,16,16,16
klimes,Ba,Ba,alkaline_earth_metal,GFN1,2.6,324.02597467500027,-1.1417794474232,2,16,16,16
klimes,Ba,Ba,alkaline_earth_metal,GFN1,2.64,329.01098966999996,-1.14157656644263,2,16,16,16
klimes,Ba,Ba,alkaline_earth_metal,GFN1,2.68,333.996004665,-1.14136600963254,2,16,16,16
klimes,Ba,Ba,alkaline_earth_metal,GFN1,2.72,338.9810196599999,-1.14112050146269,2,16,16,16
klimes,Ba,Ba,alkaline_earth_metal,GFN1,2.8,348.9510496499999,-1.14054260978898,2,16,16,16
klimes,Ba,Ba,alkaline_earth_metal,GFN1,3.0,373.876124625,-1.13871475689584,2,16,16,16
klimes,Ba,Ba,alkaline_earth_metal,GFN2,0.8,99.70029990000006,-0.85050408763281,2,16,16,16
klimes,Ba,Ba,alkaline_earth_metal,GFN2,0.84,104.68531489499998,-0.85508418789837,2,16,16,16
klimes,Ba,Ba,alkaline_earth_metal,GFN2,0.88,109.67032989000005,-0.85972096152634,2,16,16,16
klimes,Ba,Ba,alkaline_earth_metal,GFN2,0.92,114.65534488500003,-0.86442286627855,2,16,16,16
klimes,Ba,Ba,alkaline_earth_metal,GFN2,0.96,119.64035987999999,-0.86913818136839,2,16,16,16
klimes,Ba,Ba,alkaline_earth_metal,GFN2,1.0,124.62537487500006,-0.87754145097609,2,16,16,16
klimes,Ba,Ba,alkaline_earth_metal,GFN2,1.04,129.61038986999998,-0.8825978035254,2,16,16,16
klimes,Ba,Ba,alkaline_earth_metal,GFN2,1.08,134.59540486500003,-0.88763448916316,2,16,16,16
klimes,Ba,Ba,alkaline_earth_metal,GFN2,1.12,139.5804198600001,-0.89231780890116,2,16,16,16
klimes,Ba,Ba,alkaline_earth_metal,GFN2,1.16,144.56543485499998,-0.89672640999015,2,16,16,16
klimes,Ba,Ba,alkaline_earth_metal,GFN2,1.2,149.55044984999998,-0.90084300784213,2,16,16,16
klimes,Ba,Ba,alkaline_earth_metal,GFN2,1.24,154.5354648449999,-0.90464928161691,2,16,16,16
klimes,Ba,Ba,alkaline_earth_metal,GFN2,1.28,159.52047983999998,-0.90820129464344,2,16,16,16
klimes,Ba,Ba,alkaline_earth_metal,GFN2,1.32,164.50549483499998,-0.91138750568265,2,16,16,16
klimes,Ba,Ba,alkaline_earth_metal,GFN2,1.36,169.49050982999992,-0.91430439520429,2,16,16,16
klimes,Ba,Ba,alkaline_earth_metal,GFN2,1.4,174.4755248250001,-0.91697024550069,2,16,16,16
klimes,Ba,Ba,alkaline_earth_metal,GFN2,1.48,184.44555481499995,-0.9215878344929,2,16,16,16
klimes,Ba,Ba,alkaline_earth_metal,GFN2,1.56,194.41558480500004,-0.92531061073138,2,16,16,16
klimes,Ba,Ba,alkaline_earth_metal,GFN2,1.64,204.3856147949999,-0.92998145185711,2,16,16,16
klimes,Ba,Ba,alkaline_earth_metal,GFN2,1.72,214.35564478499995,-0.95378435705933,2,16,16,16
klimes,Ba,Ba,alkaline_earth_metal,GFN2,1.76,219.34065977999992,-0.96689925168265,2,16,16,16
klimes,Ba,Ba,alkaline_earth_metal,GFN2,1.84,229.31068977000007,-0.97573473108196,2,16,16,16
klimes,Ba,Ba,alkaline_earth_metal,GFN2,1.88,234.295704765,-0.97775813616665,2,16,16,16
klimes,Ba,Ba,alkaline_earth_metal,GFN2,1.92,239.28071976,-0.9804752198731,2,16,16,16
klimes,Ba,Ba,alkaline_earth_metal,GFN2,1.96,244.26573475500012,-0.98355591479633,2,16,16,16
klimes,Ba,Ba,alkaline_earth_metal,GFN2,2.0,249.25074975000015,-0.98590897041047,2,16,16,16
klimes,Ba,Ba,alkaline_earth_metal,GFN2,2.04,254.23576474499995,-0.98704281137971,2,16,16,16
klimes,Ba,Ba,alkaline_earth_metal,GFN2,2.08,259.22077974,-0.98722192927756,2,16,16,16
klimes,Ba,Ba,alkaline_earth_metal,GFN2,2.12,264.205794735,-0.98680163382784,2,16,16,16
klimes,Ba,Ba,alkaline_earth_metal,GFN2,2.16,269.19080972999984,-0.98608276611244,2,16,16,16
klimes,Ba,Ba,alkaline_earth_metal,GFN2,2.2,274.17582472500015,-0.98516628406087,2,16,16,16
klimes,Ba,Ba,alkaline_earth_metal,GFN2,2.24,279.1608397200002,-0.98414910323721,2,16,16,16
klimes,Ba,Ba,alkaline_earth_metal,GFN2,2.28,284.1458547150001,-0.98305837902993,2,16,16,16
klimes,Ba,Ba,alkaline_earth_metal,GFN2,2.4,299.1008997,-0.97981340291581,2,16,16,16
klimes,Ba,Ba,alkaline_earth_metal,GFN2,2.6,324.02597467500027,-0.97336573962825,2,16,16,16
klimes,Ba,Ba,alkaline_earth_metal,GFN2,3.0,373.876124625,-0.95987867074206,2,16,16,16
klimes,Al,Al,simple_metal,GFN1,0.8,51.97184639999999,-4.80346506180852,4,16,16,16
klimes,Al,Al,simple_metal,GFN1,0.84,54.57043871999998,-4.84645537230677,4,16,16,16
klimes,Al,Al,simple_metal,GFN1,0.88,57.169031039999986,-4.88112425472476,4,16,16,16
klimes,Al,Al,simple_metal,GFN1,0.92,59.76762336000002,-4.90918139229251,4,16,16,16
klimes,Al,Al,simple_metal,GFN1,0.96,62.366215679999954,-4.93189408066013,4,16,16,16
klimes,Al,Al,simple_metal,GFN1,1.0,64.96480799999999,-4.95024724726432,4,16,16,16
klimes,Al,Al,simple_metal,GFN1,1.04,67.56340032,-4.96504017738988,4,16,16,16
klimes,Al,Al,simple_metal,GFN1,1.08,70.16199263999997,-4.97690436782332,4,16,16,16
klimes,Al,Al,simple_metal,GFN1,1.12,72.76058495999999,-4.98634608768928,4,16,16,16
klimes,Al,Al,simple_metal,GFN1,1.16,75.35917728000001,-4.9937872482538,4,16,16,16
klimes,Al,Al,simple_metal,GFN1,1.2,77.9577696,-4.99955825390959,4,16,16,16
klimes,Al,Al,simple_metal,GFN1,1.24,80.55636191999996,-5.00392135617724,4,16,16,16
klimes,Al,Al,simple_metal,GFN1,1.28,83.15495423999992,-5.00711192259336,4,16,16,16
klimes,Al,Al,simple_metal,GFN1,1.32,85.75354656,-5.00930539333905,4,16,16,16
klimes,Al,Al,simple_metal,GFN1,1.36,88.35213887999997,-5.01065372352378,4,16,16,16
klimes,Al,Al,simple_metal,GFN1,1.4,90.95073119999998,-5.01127882662241,4,16,16,16
klimes,Al,Al,simple_metal,GFN1,1.48,96.1479158399999,-5.01088995005556,4,16,16,16
klimes,Al,Al,simple_metal,GFN1,1.56,101.34510047999994,-5.01381037326614,4,16,16,16
klimes,Al,Al,simple_metal,GFN1,1.6,103.9436928,-5.01760671788748,4,16,16,16
klimes,Al,Al,simple_metal,GFN1,1.64,106.54228511999996,-5.01762171994867,4,16,16,16
klimes,Al,Al,simple_metal,GFN1,1.68,109.14087743999991,-5.01627422080592,4,16,16,16
klimes,Al,Al,simple_metal,GFN1,1.72,111.73946975999999,-5.01569135676951,4,16,16,16
klimes,Al,Al,simple_metal,GFN1,1.76,114.33806207999999,-5.01698811992481,4,16,16,16
klimes,Al,Al,simple_metal,GFN1,1.8,116.93665440000004,-5.01913189351921,4,16,16,16
klimes,Al,Al,simple_metal,GFN1,1.84,119.53524671999995,-5.0198443809281,4,16,16,16
klimes,Al,Al,simple_metal,GFN1,1.88,122.13383903999993,-5.01859278432347,4,16,16,16
klimes,Al,Al,simple_metal,GFN1,1.92,124.73243135999991,-5.01610473464215,4,16,16,16
klimes,Al,Al,simple_metal,GFN1,1.96,127.33102367999997,-5.01302325199981,4,16,16,16
klimes,Al,Al,simple_metal,GFN1,2.0,129.92961599999987,-5.00969345650209,4,16,16,16
klimes,Al,Al,simple_metal,GFN1,2.2,142.92257759999995,-4.99326275537728,4,16,16,16
klimes,Al,Al,simple_metal,GFN2,0.8,51.97184639999999,-4.35910632128667,4,16,16,16
klimes,Al,Al,simple_metal,GFN2,0.84,54.57043871999998,-4.3592345736166,4,16,16,16
klimes,Al,Al,simple_metal,GFN2,0.88,57.169031039999986,-4.3555978051091,4,16,16,16
klimes,Al,Al,simple_metal,GFN2,0.92,59.76762336000002,-4.34931316584817,4,16,16,16
klimes,Al,Al,simple_metal,GFN2,0.96,62.366215679999954,-4.3410125555316,4,16,16,16
klimes,Al,Al,simple_metal,GFN2,1.0,64.96480799999999,-4.33139204625572,4,16,16,16
klimes,Al,Al,simple_metal,GFN2,1.04,67.56340032,-4.32086451779741,4,16,16,16
klimes,Al,Al,simple_metal,GFN2,1.08,70.16199263999997,-4.30983576411275,4,16,16,16
klimes,Al,Al,simple_metal,GFN2,1.12,72.76058495999999,-4.29847100123449,4,16,16,16
klimes,Al,Al,simple_metal,GFN2,1.16,75.35917728000001,-4.28702706600513,4,16,16,16
klimes,Al,Al,simple_metal,GFN2,1.2,77.9577696,-4.27557319134416,4,16,16,16
klimes,LiF,LiF,ionic,GFN1,0.8,49.83000427520002,-22.58305753106475,8,8,8,8
klimes,LiF,LiF,ionic,GFN1,0.84,52.32150448896,-22.58337217247745,8,8,8,8
klimes,LiF,LiF,ionic,GFN1,0.88,54.813004702720015,-22.58122585740973,8,8,8,8
klimes,LiF,LiF,ionic,GFN1,0.92,57.30450491648,-22.57725305198229,8,8,8,8
klimes,LiF,LiF,ionic,GFN1,0.96,59.79600513023998,-22.57191824127368,8,8,8,8
klimes,LiF,LiF,ionic,GFN1,1.0,62.28750534400002,-22.56557697251119,8,8,8,8
klimes,LiF,LiF,ionic,GFN1,1.04,64.77900555775997,-22.55849951388144,8,8,8,8
klimes,LiF,LiF,ionic,GFN1,1.08,67.27050577152,-22.55088978133882,8,8,8,8
klimes,LiF,LiF,ionic,GFN1,1.12,69.76200598528003,-22.54290631493999,8,8,8,8
klimes,LiF,LiF,ionic,GFN1,1.16,72.25350619903998,-22.53466918973331,8,8,8,8
klimes,LiF,LiF,ionic,GFN1,1.2,74.74500641279998,-22.5262730150054,8,8,8,8
klimes,LiF,LiF,ionic,GFN2,0.8,49.83000427520002,-20.60449607361332,8,8,8,8
klimes,LiF,LiF,ionic,GFN2,0.84,52.32150448896,-20.61457463569218,8,8,8,8
klimes,LiF,LiF,ionic,GFN2,0.88,54.813004702720015,-20.62149863843367,8,8,8,8
klimes,LiF,LiF,ionic,GFN2,0.92,57.30450491648,-20.62596316970344,8,8,8,8
klimes,LiF,LiF,ionic,GFN2,0.96,59.79600513023998,-20.62851047230733,8,8,8,8
klimes,LiF,LiF,ionic,GFN2,1.0,62.28750534400002,-20.62955860449131,8,8,8,8
klimes,LiF,LiF,ionic,GFN2,1.04,64.77900555775997,-20.62944487554453,8,8,8,8
klimes,LiF,LiF,ionic,GFN2,1.08,67.27050577152,-20.62845184773624,8,8,8,8
klimes,LiF,LiF,ionic,GFN2,1.12,69.76200598528003,-20.62680918895277,8,8,8,8
klimes,LiF,LiF,ionic,GFN2,1.16,72.25350619903998,-20.62469837553772,8,8,8,8
klimes,LiF,LiF,ionic,GFN2,1.2,74.74500641279998,-20.6222615560915,8,8,8,8
klimes,LiCl,LiCl,ionic,GFN1,0.8,103.39777249280006,-19.08383229049838,8,8,8,8
klimes,LiCl,LiCl,ionic,GFN1,0.84,108.56766111744008,-19.0863528207128,8,8,8,8
klimes,LiCl,LiCl,ionic,GFN1,0.88,113.73754974207995,-19.08588919510492,8,8,8,8
klimes,LiCl,LiCl,ionic,GFN1,0.92,118.90743836672003,-19.08311285234335,8,8,8,8
klimes,LiCl,LiCl,ionic,GFN1,0.96,124.07732699136,-19.07853596743691,8,8,8,8
klimes,LiCl,LiCl,ionic,GFN1,1.0,129.24721561600006,-19.07254191221559,8,8,8,8
klimes,LiCl,LiCl,ionic,GFN1,1.04,134.41710424064,-19.06542376152192,8,8,8,8
klimes,LiCl,LiCl,ionic,GFN1,1.08,139.5869928652799,-19.05741419625675,8,8,8,8
klimes,LiCl,LiCl,ionic,GFN1,1.12,144.75688148991995,-19.04869874147648,8,8,8,8
klimes,LiCl,LiCl,ionic,GFN1,1.16,149.92677011455984,-19.03942256097895,8,8,8,8
klimes,LiCl,LiCl,ionic,GFN1,1.2,155.0966587392,-19.02971125144614,8,8,8,8
klimes,LiCl,LiCl,ionic,GFN2,0.8,103.39777249280006,-19.99811480334356,8,8,8,8
klimes,LiCl,LiCl,ionic,GFN2,0.84,108.56766111744008,-20.00202205082649,8,8,8,8
klimes,LiCl,LiCl,ionic,GFN2,0.88,113.73754974207995,-20.00279155953297,8,8,8,8
klimes,LiCl,LiCl,ionic,GFN2,0.92,118.90743836672003,-20.00103468475696,8,8,8,8
klimes,LiCl,LiCl,ionic,GFN2,0.96,124.07732699136,-19.99727754662492,8,8,8,8
klimes,LiCl,LiCl,ionic,GFN2,1.0,129.24721561600006,-19.99197202362469,8,8,8,8
klimes,LiCl,LiCl,ionic,GFN2,1.04,134.41710424064,-19.98546486179742,8,8,8,8
klimes,LiCl,LiCl,ionic,GFN2,1.08,139.5869928652799,-19.97804224672631,8,8,8,8
klimes,LiCl,LiCl,ionic,GFN2,1.12,144.75688148991995,-19.96985391624635,8,8,8,8
klimes,LiCl,LiCl,ionic,GFN2,1.16,149.92677011455984,-19.96111035089829,8,8,8,8
klimes,LiCl,LiCl,ionic,GFN2,1.2,155.0966587392,-19.95195480417889,8,8,8,8
klimes,NaF,NaF,ionic,GFN1,0.8,76.80719723119996,-22.24983808702183,8,8,8,8
klimes,NaF,NaF,ionic,GFN1,0.84,80.64755709276004,-22.25104800242063,8,8,8,8
klimes,NaF,NaF,ionic,GFN1,0.88,84.48791695431996,-22.25004875171333,8,8,8,8
klimes,NaF,NaF,ionic,GFN1,0.92,88.32827681588,-22.2474921809141,8,8,8,8
klimes,NaF,NaF,ionic,GFN1,0.96,92.16863667743989,-22.24383394690242,8,8,8,8
klimes,NaF,NaF,ionic,GFN1,1.0,96.00899653900004,-22.23940589759021,8,8,8,8
klimes,NaF,NaF,ionic,GFN1,1.04,99.84935640055997,-22.23445334638476,8,8,8,8
klimes,NaF,NaF,ionic,GFN1,1.08,103.68971626211993,-22.22914803555802,8,8,8,8
klimes,NaF,NaF,ionic,GFN1,1.12,107.53007612367995,-22.22361253252487,8,8,8,8
klimes,NaF,NaF,ionic,GFN1,1.16,111.37043598523988,-22.21794335562714,8,8,8,8
klimes,NaF,NaF,ionic,GFN1,1.2,115.21079584679997,-22.2122099025512,8,8,8,8
klimes,NaF,NaF,ionic,GFN2,0.8,76.80719723119996,-20.31038731283344,8,8,8,8
klimes,NaF,NaF,ionic,GFN2,0.84,80.64755709276004,-20.31442153020517,8,8,8,8
klimes,NaF,NaF,ionic,GFN2,0.88,84.48791695431996,-20.31621791638082,8,8,8,8
klimes,NaF,NaF,ionic,GFN2,0.92,88.32827681588,-20.3164585748307,8,8,8,8
klimes,NaF,NaF,ionic,GFN2,0.96,92.16863667743989,-20.31563645108467,8,8,8,8
klimes,NaF,NaF,ionic,GFN2,1.0,96.00899653900004,-20.31411560510354,8,8,8,8
klimes,NaF,NaF,ionic,GFN2,1.04,99.84935640055997,-20.3121686351422,8,8,8,8
klimes,NaF,NaF,ionic,GFN2,1.08,103.68971626211993,-20.30998680137258,8,8,8,8
klimes,NaF,NaF,ionic,GFN2,1.12,107.53007612367995,-20.30770800198699,8,8,8,8
klimes,NaF,NaF,ionic,GFN2,1.16,111.37043598523988,-20.30542348587753,8,8,8,8
klimes,NaF,NaF,ionic,GFN2,1.2,115.21079584679997,-20.30319466090851,8,8,8,8
klimes,NaCl,NaCl,ionic,GFN1,0.6,103.406242275,-18.78110294879791,8,8,8,8
klimes,NaCl,NaCl,ionic,GFN1,0.64,110.29999176000008,-18.8080221976169,8,8,8,8
klimes,NaCl,NaCl,ionic,GFN1,0.68,117.19374124500006,-18.82501795934293,8,8,8,8
klimes,NaCl,NaCl,ionic,GFN1,0.72,124.08749073000003,-18.83521315946709,8,8,8,8
klimes,NaCl,NaCl,ionic,GFN1,0.76,130.981240215,-18.84068067103543,8,8,8,8
klimes,NaCl,NaCl,ionic,GFN1,0.8,137.8749897000001,-18.84279322433689,8,8,8,8
klimes,NaCl,NaCl,ionic,GFN1,0.84,144.768739185,-18.8424957736698,8,8,8,8
klimes,NaCl,NaCl,ionic,GFN1,0.88,151.6624886700001,-18.84042453834137,8,8,8,8
klimes,NaCl,NaCl,ionic,GFN1,0.92,158.55623815500007,-18.83703347540051,8,8,8,8
klimes,NaCl,NaCl,ionic,GFN1,0.96,165.44998764000002,-18.83263657435586,8,8,8,8
klimes,NaCl,NaCl,ionic,GFN1,1.0,172.3437371250001,-18.82746090939803,8,8,8,8
klimes,NaCl,NaCl,ionic,GFN1,1.04,179.23748661000002,-18.82165939865141,8,8,8,8
klimes,NaCl,NaCl,ionic,GFN1,1.08,186.13123609500008,-18.81536733484813,8,8,8,8
klimes,NaCl,NaCl,ionic,GFN1,1.12,193.02498558000013,-18.80867733842367,8,8,8,8
klimes,NaCl,NaCl,ionic,GFN1,1.16,199.91873506500002,-18.80166926179968,8,8,8,8
klimes,NaCl,NaCl,ionic,GFN1,1.2,206.8124845500002,-18.79440868368873,8,8,8,8
klimes,NaCl,NaCl,ionic,GFN2,0.6,103.406242275,-19.78418743076449,8,8,8,8
klimes,NaCl,NaCl,ionic,GFN2,0.64,110.29999176000008,-19.79756698634377,8,8,8,8
klimes,NaCl,NaCl,ionic,GFN2,0.68,117.19374124500006,-19.80467411253629,8,8,8,8
klimes,NaCl,NaCl,ionic,GFN2,0.72,124.08749073000003,-19.8074357628257,8,8,8,8
klimes,NaCl,NaCl,ionic,GFN2,0.76,130.981240215,-19.80715037648646,8,8,8,8
klimes,NaCl,NaCl,ionic,GFN2,0.8,137.8749897000001,-19.80473870360537,8,8,8,8
klimes,NaCl,NaCl,ionic,GFN2,0.84,144.768739185,-19.80080929619311,8,8,8,8
klimes,NaCl,NaCl,ionic,GFN2,0.88,151.6624886700001,-19.79570336839434,8,8,8,8
klimes,NaCl,NaCl,ionic,GFN2,0.92,158.55623815500007,-19.78977102665501,8,8,8,8
klimes,NaCl,NaCl,ionic,GFN2,0.96,165.44998764000002,-19.78318702020629,8,8,8,8
klimes,NaCl,NaCl,ionic,GFN2,1.0,172.3437371250001,-19.77612179711834,8,8,8,8
klimes,NaCl,NaCl,ionic,GFN2,1.04,179.23748661000002,-19.76870009451775,8,8,8,8
klimes,NaCl,NaCl,ionic,GFN2,1.08,186.13123609500008,-19.76098896297114,8,8,8,8
klimes,NaCl,NaCl,ionic,GFN2,1.12,193.02498558000013,-19.75309249384948,8,8,8,8
klimes,NaCl,NaCl,ionic,GFN2,1.16,199.91873506500002,-19.74502811774038,8,8,8,8
klimes,NaCl,NaCl,ionic,GFN2,1.2,206.8124845500002,-19.73687436507818,8,8,8,8
klimes,MgO,MgO,ionic,GFN1,0.6,43.946700902399996,-21.7474670237169,8,8,8,8
klimes,MgO,MgO,ionic,GFN1,0.64,46.876480962559995,-21.84947580634786,8,8,8,8
klimes,MgO,MgO,ionic,GFN1,0.68,49.80626102272002,-21.92159500287041,8,8,8,8
klimes,MgO,MgO,ionic,GFN1,0.72,52.736041082880014,-21.97217116160932,8,8,8,8
klimes,MgO,MgO,ionic,GFN1,0.76,55.66582114304001,-22.0069969557711,8,8,8,8
klimes,MgO,MgO,ionic,GFN1,0.8,58.59560120320004,-22.03015447149655,8,8,8,8
klimes,MgO,MgO,ionic,GFN1,0.84,61.52538126336005,-22.04455288056067,8,8,8,8
klimes,MgO,MgO,ionic,GFN1,0.88,64.45516132352004,-22.05231717138247,8,8,8,8
klimes,MgO,MgO,ionic,GFN1,0.92,67.38494138368003,-22.05499931919759,8,8,8,8
klimes,MgO,MgO,ionic,GFN1,0.96,70.31472144384001,-22.05377016835141,8,8,8,8
klimes,MgO,MgO,ionic,GFN1,1.0,73.24450150399998,-22.0494996684762,8,8,8,8
klimes,MgO,MgO,ionic,GFN1,1.04,76.17428156416001,-22.04286404643047,8,8,8,8
klimes,MgO,MgO,ionic,GFN1,1.08,79.10406162431997,-22.03437054336971,8,8,8,8
klimes,MgO,MgO,ionic,GFN1,1.12,82.03384168447998,-22.02442583760025,8,8,8,8
klimes,MgO,MgO,ionic,GFN1,1.16,84.96362174463994,-22.01334043128437,8,8,8,8
klimes,MgO,MgO,ionic,GFN1,1.2,87.8934018048,-22.00137053380541,8,8,8,8
klimes,MgO,MgO,ionic,GFN2,0.8,58.59560120320004,-19.35679078485571,8,8,8,8
klimes,MgO,MgO,ionic,GFN2,0.84,61.52538126336005,-19.34434106293177,8,8,8,8
klimes,MgO,MgO,ionic,GFN2,0.88,64.45516132352004,-19.3312238794586,8,8,8,8
klimes,MgO,MgO,ionic,GFN2,0.92,67.38494138368003,-19.31650070196904,8,8,8,8
klimes,MgO,MgO,ionic,GFN2,0.96,70.31472144384001,-19.30033697613896,8,8,8,8
klimes,MgO,MgO,ionic,GFN2,1.0,73.24450150399998,-19.2829397210609,8,8,8,8
klimes,MgO,MgO,ionic,GFN2,1.04,76.17428156416001,-19.26461086660193,8,8,8,8
klimes,MgO,MgO,ionic,GFN2,1.08,79.10406162431997,-19.24565478138571,8,8,8,8
klimes,MgO,MgO,ionic,GFN2,1.12,82.03384168447998,-19.22618800272883,8,8,8,8
klimes,MgO,MgO,ionic,GFN2,1.16,84.96362174463994,-19.2064147069782,8,8,8,8
klimes,MgO,MgO,ionic,GFN2,1.2,87.8934018048,-19.18648231676163,8,8,8,8
klimes,C,C,covalent,GFN1,0.8,35.5797952056,-16.93199770551652,8,8,8,8
klimes,C,C,covalent,GFN1,0.84,37.35878496587999,-16.99438132168795,8,8,8,8
klimes,C,C,covalent,GFN1,0.88,39.13777472616002,-17.03773770768151,8,8,8,8
klimes,C,C,covalent,GFN1,0.92,40.91676448644001,-17.06555246303186,8,8,8,8
klimes,C,C,covalent,GFN1,0.96,42.69575424671999,-17.08060813715609,8,8,8,8
klimes,C,C,covalent,GFN1,1.0,44.474744007,-17.08515098120115,8,8,8,8
klimes,C,C,covalent,GFN1,1.04,46.25373376728002,-17.08100137799353,8,8,8,8
klimes,C,C,covalent,GFN1,1.08,48.03272352755997,-17.06965017658123,8,8,8,8
klimes,C,C,covalent,GFN1,1.12,49.81171328784001,-17.05232477725276,8,8,8,8
klimes,C,C,covalent,GFN1,1.16,51.59070304811999,-17.03003929834641,8,8,8,8
klimes,C,C,covalent,GFN1,1.2,53.36969280840004,-17.00364197420313,8,8,8,8
klimes,C,C,covalent,GFN2,0.8,35.5797952056,-17.16611251495668,8,8,8,8
klimes,C,C,covalent,GFN2,0.84,37.35878496587999,-17.22763241858688,8,8,8,8
klimes,C,C,covalent,GFN2,0.88,39.13777472616002,-17.27035145887295,8,8,8,8
klimes,C,C,covalent,GFN2,0.92,40.91676448644001,-17.29759262709703,8,8,8,8
klimes,C,C,covalent,GFN2,0.96,42.69575424671999,-17.31213053043832,8,8,8,8
klimes,C,C,covalent,GFN2,1.0,44.474744007,-17.31616775427498,8,8,8,8
klimes,C,C,covalent,GFN2,1.04,46.25373376728002,-17.3114247358226,8,8,8,8
klimes,C,C,covalent,GFN2,1.08,48.03272352755997,-17.29940676246956,8,8,8,8
klimes,C,C,covalent,GFN2,1.12,49.81171328784001,-17.28132615766229,8,8,8,8
klimes,C,C,covalent,GFN2,1.16,51.59070304811999,-17.25822885968948,8,8,8,8
klimes,C,C,covalent,GFN2,1.2,53.36969280840004,-17.23094482132559,8,8,8,8
klimes,SiC,SiC,covalent,GFN1,0.8,65.48765575039998,-15.61903966122285,8,8,8,8
klimes,SiC,SiC,covalent,GFN1,0.84,68.76203853791999,-15.70649105490259,8,8,8,8
klimes,SiC,SiC,covalent,GFN1,0.88,72.03642132543997,-15.77270703204855,8,8,8,8
klimes,SiC,SiC,covalent,GFN1,0.92,75.31080411295996,-15.82193762748503,8,8,8,8
klimes,SiC,SiC,covalent,GFN1,0.96,78.58518690048001,-15.8574604358956,8,8,8,8
klimes,SiC,SiC,covalent,GFN1,1.0,81.85956968799998,-15.88184140929877,8,8,8,8
klimes,SiC,SiC,covalent,GFN1,1.04,85.13395247551993,-15.8971087831332,8,8,8,8
klimes,SiC,SiC,covalent,GFN1,1.08,88.40833526303996,-15.90488338534019,8,8,8,8
klimes,SiC,SiC,covalent,GFN1,1.12,91.68271805055998,-15.90645800381716,8,8,8,8
klimes,SiC,SiC,covalent,GFN1,1.16,94.95710083807992,-15.9028915552456,8,8,8,8
klimes,SiC,SiC,covalent,GFN1,1.2,98.2314836256,-15.89504351596167,8,8,8,8
klimes,SiC,SiC,covalent,GFN2,0.8,65.48765575039998,-15.26222421780954,8,8,8,8
klimes,SiC,SiC,covalent,GFN2,0.84,68.76203853791999,-15.33180603095833,8,8,8,8
klimes,SiC,SiC,covalent,GFN2,0.88,72.03642132543997,-15.38175675764454,8,8,8,8
klimes,SiC,SiC,covalent,GFN2,0.92,75.31080411295996,-15.41629137950023,8,8,8,8
klimes,SiC,SiC,covalent,GFN2,0.96,78.58518690048001,-15.43847597795255,8,8,8,8
klimes,SiC,SiC,covalent,GFN2,1.0,81.85956968799998,-15.45066105593936,8,8,8,8
klimes,SiC,SiC,covalent,GFN2,1.04,85.13395247551993,-15.45480303252207,8,8,8,8
klimes,SiC,SiC,covalent,GFN2,1.08,88.40833526303996,-15.45248429819301,8,8,8,8
klimes,SiC,SiC,covalent,GFN2,1.12,91.68271805055998,-15.44494773474775,8,8,8,8
klimes,SiC,SiC,covalent,GFN2,1.16,94.95710083807992,-15.43332221914841,8,8,8,8
klimes,SiC,SiC,covalent,GFN2,1.2,98.2314836256,-15.41838433587927,8,8,8,8
klimes,Si,Si,semiconductor,GFN1,0.8,127.09426503679997,-14.48725220079487,8,8,8,8
klimes,Si,Si,semiconductor,GFN1,0.84,133.44897828863998,-14.56717484938299,8,8,8,8
klimes,Si,Si,semiconductor,GFN1,0.88,139.8036915404801,-14.62617781954692,8,8,8,8
klimes,Si,Si,semiconductor,GFN1,0.92,146.15840479232006,-14.66874407551156,8,8,8,8
klimes,Si,Si,semiconductor,GFN1,0.96,152.51311804416,-14.69827339696658,8,8,8,8
klimes,Si,Si,semiconductor,GFN1,1.0,158.8678312960001,-14.71742152999755,8,8,8,8
klimes,Si,Si,semiconductor,GFN1,1.04,165.22254454784,-14.7282731565235,8,8,8,8
klimes,Si,Si,semiconductor,GFN1,1.08,171.57725779968007,-14.73251922243691,8,8,8,8
klimes,Si,Si,semiconductor,GFN1,1.12,177.93197105152012,-14.7316105893743,8,8,8,8
klimes,Si,Si,semiconductor,GFN1,1.16,184.28668430336,-14.72689237886917,8,8,8,8
klimes,Si,Si,semiconductor,GFN1,1.2,190.64139755520017,-14.71962635766198,8,8,8,8
klimes,Si,Si,semiconductor,GFN2,0.8,127.09426503679997,-13.54930815641493,8,8,8,8
klimes,Si,Si,semiconductor,GFN2,0.84,133.44897828863998,-13.59796219957875,8,8,8,8
klimes,Si,Si,semiconductor,GFN2,0.88,139.8036915404801,-13.62927098881879,8,8,8,8
klimes,Si,Si,semiconductor,GFN2,0.92,146.15840479232006,-13.64740030421276,8,8,8,8
klimes,Si,Si,semiconductor,GFN2,0.96,152.51311804416,-13.65590442036382,8,8,8,8
klimes,Si,Si,semiconductor,GFN2,1.0,158.8678312960001,-13.65711314922307,8,8,8,8
klimes,Si,Si,semiconductor,GFN2,1.04,165.22254454784,-13.65291915708718,8,8,8,8
klimes,Si,Si,semiconductor,GFN2,1.08,171.57725779968007,-13.64486147922947,8,8,8,8
klimes,Si,Si,semiconductor,GFN2,1.12,177.93197105152012,-13.63404558387689,8,8,8,8
klimes,Si,Si,semiconductor,GFN2,1.16,184.28668430336,-13.62187794408802,8,8,8,8
klimes,Si,Si,semiconductor,GFN2,1.2,190.64139755520017,-13.60999090945024,8,8,8,8
klimes,Ge,Ge,semiconductor,GFN1,0.8,143.5249152000001,-13.45746233342869,8,8,8,8
klimes,Ge,Ge,semiconductor,GFN1,0.84,150.70116095999998,-13.51447280414686,8,8,8,8
klimes,Ge,Ge,semiconductor,GFN1,0.88,157.87740671999995,-13.55387233670866,8,8,8,8
klimes,Ge,Ge,semiconductor,GFN1,0.92,165.05365248000004,-13.57997074592668,8,8,8,8
klimes,Ge,Ge,semiconductor,GFN1,0.96,172.22989823999984,-13.59590543944775,8,8,8,8
klimes,Ge,Ge,semiconductor,GFN1,1.0,179.40614399999995,-13.60401260800598,8,8,8,8
klimes,Ge,Ge,semiconductor,GFN1,1.04,186.58238975999998,-13.60604629103314,8,8,8,8
klimes,Ge,Ge,semiconductor,GFN1,1.08,193.7586355199999,-13.60335569784945,8,8,8,8
klimes,Ge,Ge,semiconductor,GFN1,1.12,200.93488127999996,-13.59700092411689,8,8,8,8
klimes,Ge,Ge,semiconductor,GFN1,1.16,208.11112703999981,-13.58788362877093,8,8,8,8
klimes,Ge,Ge,semiconductor,GFN1,1.2,215.28737279999999,-13.57682439884179,8,8,8,8
klimes,Ge,Ge,semiconductor,GFN2,0.8,143.5249152000001,-15.61154681152089,8,8,8,8
klimes,Ge,Ge,semiconductor,GFN2,0.84,150.70116095999998,-15.64520960712283,8,8,8,8
klimes,Ge,Ge,semiconductor,GFN2,0.88,157.87740671999995,-15.66866194511467,8,8,8,8
klimes,Ge,Ge,semiconductor,GFN2,0.92,165.05365248000004,-15.68475489631949,8,8,8,8
klimes,Ge,Ge,semiconductor,GFN2,0.96,172.22989823999984,-15.69554375786869,8,8,8,8
klimes,Ge,Ge,semiconductor,GFN2,1.0,179.40614399999995,-15.70206552802962,8,8,8,8
klimes,Ge,Ge,semiconductor,GFN2,1.04,186.58238975999998,-15.7052323156577,8,8,8,8
klimes,Ge,Ge,semiconductor,GFN2,1.08,193.7586355199999,-15.70567009338803,8,8,8,8
klimes,Ge,Ge,semiconductor,GFN2,1.12,200.93488127999996,-15.7037841645317,8,8,8,8
klimes,Ge,Ge,semiconductor,GFN2,1.16,208.11112703999981,-15.70025660544569,8,8,8,8
klimes,Ge,Ge,semiconductor,GFN2,1.2,215.28737279999999,-15.69549032651823,8,8,8,8
klimes,GaAs,GaAs,semiconductor,GFN1,0.8,143.3722832576,-14.92080886846602,8,8,8,8
klimes,GaAs,GaAs,semiconductor,GFN1,0.84,150.54089742048,-14.97280426896196,8,8,8,8
klimes,GaAs,GaAs,semiconductor,GFN1,0.88,157.70951158336013,-15.00936445815709,8,8,8,8
klimes,GaAs,GaAs,semiconductor,GFN1,0.92,164.8781257462401,-15.03432835450575,8,8,8,8
klimes,GaAs,GaAs,semiconductor,GFN1,0.96,172.04673990912005,-15.05047749806228,8,8,8,8
klimes,GaAs,GaAs,semiconductor,GFN1,1.0,179.215354072,-15.0598761326329,8,8,8,8
klimes,GaAs,GaAs,semiconductor,GFN1,1.04,186.38396823488003,-15.0640549403514,8,8,8,8
klimes,GaAs,GaAs,semiconductor,GFN1,1.08,193.55258239775995,-15.06416715629057,8,8,8,8
klimes,GaAs,GaAs,semiconductor,GFN1,1.12,200.72119656064,-15.06106670811027,8,8,8,8
klimes,GaAs,GaAs,semiconductor,GFN1,1.16,207.88981072351987,-15.05540771530339,8,8,8,8
klimes,GaAs,GaAs,semiconductor,GFN1,1.2,215.05842488640005,-15.04769050516874,8,8,8,8
klimes,GaAs,GaAs,semiconductor,GFN2,0.84,150.54089742048,-14.25059416571641,8,8,8,8
klimes,GaAs,GaAs,semiconductor,GFN2,0.88,157.70951158336013,-14.2857194768275,8,8,8,8
klimes,GaAs,GaAs,semiconductor,GFN2,0.92,164.8781257462401,-14.31414716634468,8,8,8,8
klimes,GaAs,GaAs,semiconductor,GFN2,0.96,172.04673990912005,-14.33694949769783,8,8,8,8
klimes,GaAs,GaAs,semiconductor,GFN2,1.0,179.215354072,-14.35476309072261,8,8,8,8
klimes,GaAs,GaAs,semiconductor,GFN2,1.04,186.38396823488003,-14.36850311582745,8,8,8,8
klimes,GaAs,GaAs,semiconductor,GFN2,1.08,193.55258239775995,-14.37887597108681,8,8,8,8
klimes,GaAs,GaAs,semiconductor,GFN2,1.12,200.72119656064,-14.38631452871444,8,8,8,8
klimes,GaAs,GaAs,semiconductor,GFN2,1.16,207.88981072351987,-14.39150334653205,8,8,8,8
klimes,GaAs,GaAs,semiconductor,GFN2,1.2,215.05842488640005,-14.39442288210692,8,8,8,8
klimes,GaAs,GaAs,semiconductor,GFN2,1.24,222.22703904927994,-14.39548671593991,8,8,8,8
klimes,GaAs,GaAs,semiconductor,GFN2,1.28,229.39565321216003,-14.39501528004153,8,8,8,8
klimes,GaAs,GaAs,semiconductor,GFN2,1.32,236.56426737504003,-14.39301295953246,8,8,8,8
klimes,GaAs,GaAs,semiconductor,GFN2,1.36,243.73288153791995,-14.38987470915948,8,8,8,8
klimes,GaAs,GaAs,semiconductor,GFN2,1.4,250.90149570079998,-14.38556414342803,8,8,8,8
klimes,GaAs,GaAs,semiconductor,GFN2,1.48,265.23872402656,-14.37431469381796,8,8,8,8
klimes,GaAs,GaAs,semiconductor,GFN2,1.56,279.57595235231986,-14.36047791158572,8,8,8,8
